Unnamed: 0,samples
hsa-let-7a-2-3p,25420
hsa-let-7a-3p,25551
hsa-let-7a-5p,25627
hsa-let-7b-3p,25579
hsa-let-7b-5p,25636
hsa-let-7c-3p,24809
hsa-let-7c-5p,25224
hsa-let-7d-3p,26297
hsa-let-7d-5p,25633
hsa-let-7e-3p,25553
hsa-let-7e-5p,25633
hsa-let-7f-1-3p,25584
hsa-let-7f-2-3p,25545
hsa-let-7f-5p,25636
hsa-let-7g-3p,25552
hsa-let-7g-5p,25635
hsa-let-7i-3p,25577
hsa-let-7i-5p,25633
hsa-miR-1-3p,19545
hsa-miR-100-3p,26294
hsa-miR-100-5p,25636
hsa-miR-101-3p,26354
hsa-miR-101-5p,25549
hsa-miR-103a-2-5p,26263
hsa-miR-103a-3p,25634
hsa-miR-105-3p,25545
hsa-miR-105-5p,25609
hsa-miR-106a-5p,24492
hsa-miR-106b-3p,25579
hsa-miR-106b-5p,25633
hsa-miR-107,25984
hsa-miR-10a-3p,25580
hsa-miR-10a-5p,25637
hsa-miR-10b-3p,25580
hsa-miR-10b-5p,25636
hsa-miR-1179,26089
hsa-miR-1180-3p,25439
hsa-miR-1207-5p,26056
hsa-miR-122-5p,26354
hsa-miR-1224-3p,26097
hsa-miR-1224-5p,26128
hsa-miR-1225-5p,26071
hsa-miR-1226-3p,25610
hsa-miR-1226-5p,25584
hsa-miR-1228-5p,25583
hsa-miR-1229-3p,25576
hsa-miR-1231,26112
hsa-miR-1236-5p,24274
hsa-miR-1237-3p,25575
hsa-miR-1244,26092
hsa-miR-1246,26185
hsa-miR-1247-3p,24342
hsa-miR-1247-5p,25608
hsa-miR-1248,26143
hsa-miR-1249-3p,19544
hsa-miR-1254,1373
hsa-miR-1255a,26147
hsa-miR-1255b-5p,25609
hsa-miR-1256,26091
hsa-miR-1257,26146
hsa-miR-125a-3p,26129
hsa-miR-125a-5p,26127
hsa-miR-125b-1-3p,26266
hsa-miR-125b-2-3p,25584
hsa-miR-125b-5p,25640
hsa-miR-126-3p,26353
hsa-miR-126-5p,26294
hsa-miR-1260b,25699
hsa-miR-1262,26143
hsa-miR-1263,26089
hsa-miR-1266-5p,25437
hsa-miR-1267,26124
hsa-miR-1268a,25590
hsa-miR-1268b,24464
hsa-miR-1269a,25604
hsa-miR-1269b,24423
hsa-miR-127-3p,26124
hsa-miR-1270,26092
hsa-miR-1271-5p,25609
hsa-miR-1273a,741
hsa-miR-1273c,25705
hsa-miR-1273d,837
hsa-miR-1273e,837
hsa-miR-1273f,831
hsa-miR-1273g-3p,773
hsa-miR-1273h-3p,24084
hsa-miR-1273h-5p,24086
hsa-miR-1275,26184
hsa-miR-1276,26152
hsa-miR-1277-3p,25606
hsa-miR-1277-5p,24053
hsa-miR-128-1-5p,24862
hsa-miR-128-3p,25437
hsa-miR-1281,26183
hsa-miR-1283,26077
hsa-miR-1284,26089
hsa-miR-1285-5p,24404
hsa-miR-1286,26151
hsa-miR-1287-3p,24141
hsa-miR-1287-5p,25436
hsa-miR-1289,26079
hsa-miR-129-1-3p,26267
hsa-miR-129-5p,26129
hsa-miR-1290,26184
hsa-miR-1291,26179
hsa-miR-1292-5p,25544
hsa-miR-1293,26151
hsa-miR-1294,26088
hsa-miR-1295a,25633
hsa-miR-1296-5p,25437
hsa-miR-1297,26149
hsa-miR-1298-5p,25437
hsa-miR-1299,26179
hsa-miR-1301-3p,25437
hsa-miR-1302,26079
hsa-miR-1303,26182
hsa-miR-1304-3p,24404
hsa-miR-1304-5p,25600
hsa-miR-1306-5p,24371
hsa-miR-1307-3p,25641
hsa-miR-1307-5p,24399
hsa-miR-130a-3p,25639
hsa-miR-130b-3p,25636
hsa-miR-130b-5p,25550
hsa-miR-132-3p,25632
hsa-miR-132-5p,26264
hsa-miR-1322,26146
hsa-miR-1323,26180
hsa-miR-133a-3p,25435
hsa-miR-133a-5p,24866
hsa-miR-133b,25984
hsa-miR-134-5p,25380
hsa-miR-1343-3p,24143
hsa-miR-135a-5p,25636
hsa-miR-135b-3p,25548
hsa-miR-135b-5p,25634
hsa-miR-136-3p,25547
hsa-miR-136-5p,25637
hsa-miR-137,1379
hsa-miR-138-1-3p,25551
hsa-miR-138-2-3p,25579
hsa-miR-138-5p,25639
hsa-miR-139-3p,26119
hsa-miR-139-5p,26089
hsa-miR-140-3p,26126
hsa-miR-140-5p,26124
hsa-miR-141-3p,26353
hsa-miR-141-5p,25548
hsa-miR-142-3p,26126
hsa-miR-142-5p,26809
hsa-miR-143-3p,25641
hsa-miR-143-5p,26263
hsa-miR-144-3p,25635
hsa-miR-144-5p,26263
hsa-miR-145-3p,25549
hsa-miR-145-5p,25642
hsa-miR-1468-5p,25380
hsa-miR-146a-5p,25637
hsa-miR-146b-3p,26098
hsa-miR-146b-5p,26120
hsa-miR-147b,1351
hsa-miR-148a-3p,25634
hsa-miR-148a-5p,25549
hsa-miR-148b-3p,25637
hsa-miR-149-5p,26356
hsa-miR-150-5p,25639
hsa-miR-151a-3p,25636
hsa-miR-151a-5p,25425
hsa-miR-151b,24407
hsa-miR-152-3p,25438
hsa-miR-153-3p,25437
hsa-miR-1538,26070
hsa-miR-154-5p,26321
hsa-miR-155-5p,25632
hsa-miR-1587,24410
hsa-miR-15a-3p,25553
hsa-miR-15a-5p,25634
hsa-miR-15b-3p,25553
hsa-miR-15b-5p,25642
hsa-miR-16-1-3p,25552
hsa-miR-16-2-3p,26297
hsa-miR-16-5p,25641
hsa-miR-17-3p,25576
hsa-miR-17-5p,25578
hsa-miR-181a-2-3p,25638
hsa-miR-181a-3p,25637
hsa-miR-181a-5p,25636
hsa-miR-181b-2-3p,17338
hsa-miR-181b-3p,25029
hsa-miR-181b-5p,25581
hsa-miR-181c-3p,25551
hsa-miR-181c-5p,26349
hsa-miR-181d-5p,25382
hsa-miR-182-3p,25609
hsa-miR-182-5p,25642
hsa-miR-183-3p,26298
hsa-miR-183-5p,26353
hsa-miR-184,26164
hsa-miR-185-3p,26267
hsa-miR-185-5p,25641
hsa-miR-186-3p,26296
hsa-miR-186-5p,25635
hsa-miR-187-3p,25605
hsa-miR-188-3p,26097
hsa-miR-188-5p,26129
hsa-miR-18a-3p,26267
hsa-miR-18a-5p,25635
hsa-miR-1908-3p,24144
hsa-miR-1908-5p,25438
hsa-miR-1909-3p,25609
hsa-miR-190a-5p,25438
hsa-miR-190b,1353
hsa-miR-191-3p,26296
hsa-miR-191-5p,25640
hsa-miR-1910-3p,24142
hsa-miR-1910-5p,25439
hsa-miR-1911-5p,25547
hsa-miR-192-3p,25551
hsa-miR-192-5p,25641
hsa-miR-193a-3p,26124
hsa-miR-193a-5p,26071
hsa-miR-193b-3p,25640
hsa-miR-193b-5p,25585
hsa-miR-194-3p,25582
hsa-miR-194-5p,25641
hsa-miR-195-3p,25583
hsa-miR-195-5p,25640
hsa-miR-196a-5p,25640
hsa-miR-196b-5p,25637
hsa-miR-197-3p,25642
hsa-miR-197-5p,25116
hsa-miR-1972,25750
hsa-miR-1973,25799
hsa-miR-199a-3p,2140
hsa-miR-199a-5p,26845
hsa-miR-199b-3p,1508
hsa-miR-199b-5p,26123
hsa-miR-19a-3p,25638
hsa-miR-19b-1-5p,25580
hsa-miR-19b-3p,25641
hsa-miR-200a-3p,25636
hsa-miR-200a-5p,25580
hsa-miR-200b-3p,25640
hsa-miR-200b-5p,25582
hsa-miR-200c-3p,25639
hsa-miR-200c-5p,25547
hsa-miR-202-5p,25547
hsa-miR-203a-3p,19545
hsa-miR-203b-3p,24305
hsa-miR-203b-5p,24306
hsa-miR-204-5p,25638
hsa-miR-205-3p,26299
hsa-miR-205-5p,25636
hsa-miR-206,26200
hsa-miR-208a-3p,25438
hsa-miR-20a-3p,25584
hsa-miR-20a-5p,25578
hsa-miR-20b-5p,25582
hsa-miR-21-3p,25580
hsa-miR-21-5p,25632
hsa-miR-210-3p,25428
hsa-miR-211-5p,26324
hsa-miR-2110,25767
hsa-miR-2115-3p,25548
hsa-miR-2116-5p,25610
hsa-miR-212-3p,26354
hsa-miR-212-5p,25022
hsa-miR-215-5p,25431
hsa-miR-216a-5p,25600
hsa-miR-216b-3p,24086
hsa-miR-217,1347
hsa-miR-218-1-3p,26259
hsa-miR-218-5p,25634
hsa-miR-219a-1-3p,25438
hsa-miR-219a-2-3p,25435
hsa-miR-219b-5p,24143
hsa-miR-22-3p,25632
hsa-miR-22-5p,25581
hsa-miR-221-3p,25640
hsa-miR-221-5p,26353
hsa-miR-222-3p,26356
hsa-miR-222-5p,26296
hsa-miR-223-3p,25638
hsa-miR-224-5p,25638
hsa-miR-2276-3p,25381
hsa-miR-2277-5p,24908
hsa-miR-2355-3p,24910
hsa-miR-23a-3p,25427
hsa-miR-23a-5p,25584
hsa-miR-23b-3p,25641
hsa-miR-23b-5p,26259
hsa-miR-23c,25044
hsa-miR-24-2-5p,25549
hsa-miR-24-3p,25640
hsa-miR-25-3p,25639
hsa-miR-25-5p,26321
hsa-miR-2682-5p,24371
hsa-miR-26a-1-3p,25547
hsa-miR-26a-2-3p,25552
hsa-miR-26a-5p,25635
hsa-miR-26b-3p,25553
hsa-miR-26b-5p,26350
hsa-miR-27a-3p,25640
hsa-miR-27a-5p,25547
hsa-miR-27b-3p,25638
hsa-miR-27b-5p,25553
hsa-miR-28-3p,26126
hsa-miR-28-5p,26839
hsa-miR-296-3p,26093
hsa-miR-296-5p,26130
hsa-miR-29a-3p,25641
hsa-miR-29a-5p,25547
hsa-miR-29b-1-5p,25579
hsa-miR-29b-2-5p,25549
hsa-miR-29b-3p,25638
hsa-miR-29c-3p,25635
hsa-miR-29c-5p,25553
hsa-miR-301a-3p,25639
hsa-miR-301a-5p,24368
hsa-miR-301b-3p,19545
hsa-miR-301b-5p,17329
hsa-miR-3064-5p,24354
hsa-miR-3065-3p,25614
hsa-miR-3065-5p,25648
hsa-miR-3074-3p,25612
hsa-miR-3074-5p,24351
hsa-miR-30a-3p,25635
hsa-miR-30a-5p,25637
hsa-miR-30b-3p,25582
hsa-miR-30b-5p,26350
hsa-miR-30c-1-3p,25585
hsa-miR-30c-2-3p,25583
hsa-miR-30c-5p,25642
hsa-miR-30d-3p,25548
hsa-miR-30d-5p,25638
hsa-miR-30e-3p,25635
hsa-miR-30e-5p,25636
hsa-miR-31-3p,25575
hsa-miR-31-5p,25635
hsa-miR-3115,25612
hsa-miR-3116,25555
hsa-miR-3120-5p,24322
hsa-miR-3121-3p,25552
hsa-miR-3124-5p,25587
hsa-miR-3126-3p,25559
hsa-miR-3127-5p,25650
hsa-miR-3129-3p,24321
hsa-miR-3129-5p,25554
hsa-miR-3130-3p,25616
hsa-miR-3130-5p,25559
hsa-miR-3131,25700
hsa-miR-3133,25611
hsa-miR-3135b,24404
hsa-miR-3136-5p,25611
hsa-miR-3138,25642
hsa-miR-3139,25611
hsa-miR-3140-3p,25613
hsa-miR-3140-5p,24376
hsa-miR-3141,25643
hsa-miR-3143,25606
hsa-miR-3144-3p,25617
hsa-miR-3144-5p,25617
hsa-miR-3146,25614
hsa-miR-3147,25698
hsa-miR-3148,25642
hsa-miR-3149,25642
hsa-miR-3150a-3p,25554
hsa-miR-3150a-5p,24322
hsa-miR-3157-3p,24318
hsa-miR-3157-5p,25560
hsa-miR-3158-3p,25618
hsa-miR-3158-5p,24355
hsa-miR-3159,25610
hsa-miR-3161,25697
hsa-miR-3162-5p,25591
hsa-miR-3164,25701
hsa-miR-3168,25670
hsa-miR-3170,25611
hsa-miR-3173-5p,24321
hsa-miR-3174,25643
hsa-miR-3175,25610
hsa-miR-3176,25608
hsa-miR-3178,25616
hsa-miR-3180,25121
hsa-miR-3180-3p,25649
hsa-miR-3182,25666
hsa-miR-3183,25612
hsa-miR-3184-5p,25552
hsa-miR-3187-3p,25593
hsa-miR-3188,25643
hsa-miR-3189-3p,25593
hsa-miR-3192-5p,25438
hsa-miR-3194-3p,24317
hsa-miR-3194-5p,25592
hsa-miR-3195,25701
hsa-miR-3196,25705
hsa-miR-3197,25643
hsa-miR-3198,25592
hsa-miR-32-3p,26297
hsa-miR-32-5p,25633
hsa-miR-3200-3p,25555
hsa-miR-320a,1367
hsa-miR-320b,26112
hsa-miR-320c,25903
hsa-miR-320d,25904
hsa-miR-320e,25699
hsa-miR-323a-3p,25391
hsa-miR-324-3p,26130
hsa-miR-324-5p,26124
hsa-miR-326,26165
hsa-miR-328-3p,25437
hsa-miR-329-3p,25434
hsa-miR-330-3p,26129
hsa-miR-330-5p,26095
hsa-miR-331-3p,26129
hsa-miR-331-5p,26098
hsa-miR-335-3p,25583
hsa-miR-335-5p,25635
hsa-miR-337-3p,26097
hsa-miR-337-5p,26092
hsa-miR-338-3p,26067
hsa-miR-339-3p,26128
hsa-miR-339-5p,26127
hsa-miR-33a-3p,26266
hsa-miR-33a-5p,25634
hsa-miR-33b-3p,25581
hsa-miR-33b-5p,25603
hsa-miR-340-3p,25550
hsa-miR-340-5p,25635
hsa-miR-342-3p,26128
hsa-miR-345-3p,24401
hsa-miR-345-5p,25640
hsa-miR-346,26159
hsa-miR-34a-3p,25579
hsa-miR-34a-5p,25639
hsa-miR-34b-3p,25609
hsa-miR-34b-5p,25575
hsa-miR-34c-3p,26126
hsa-miR-34c-5p,26125
hsa-miR-3529-3p,24315
hsa-miR-3529-5p,24305
hsa-miR-3591-5p,749
hsa-miR-3605-3p,24967
hsa-miR-3605-5p,25001
hsa-miR-3607-3p,777
hsa-miR-3607-5p,745
hsa-miR-3609,24960
hsa-miR-361-3p,26129
hsa-miR-361-5p,26129
hsa-miR-3611,24957
hsa-miR-3614-3p,24963
hsa-miR-3614-5p,25000
hsa-miR-3615,25020
hsa-miR-3616-3p,24912
hsa-miR-3617-3p,24239
hsa-miR-3617-5p,24924
hsa-miR-3619-3p,24323
hsa-miR-362-3p,26096
hsa-miR-362-5p,26124
hsa-miR-3620-5p,24275
hsa-miR-3622a-5p,24942
hsa-miR-363-3p,25640
hsa-miR-363-5p,25608
hsa-miR-3648,24993
hsa-miR-3651,24994
hsa-miR-3653-3p,384
hsa-miR-3653-5p,365
hsa-miR-3654,24996
hsa-miR-3656,837
hsa-miR-365a-3p,1886
hsa-miR-365a-5p,25327
hsa-miR-365b-3p,354
hsa-miR-365b-5p,24358
hsa-miR-3660,24968
hsa-miR-3661,24962
hsa-miR-3663-3p,24941
hsa-miR-3664-3p,24317
hsa-miR-3679-3p,24941
hsa-miR-3679-5p,24944
hsa-miR-3680-3p,24935
hsa-miR-3680-5p,24902
hsa-miR-3681-5p,24898
hsa-miR-3682-3p,24944
hsa-miR-3687,805
hsa-miR-3689a-5p,1237
hsa-miR-3689b-5p,354
hsa-miR-3689e,404
hsa-miR-369-5p,26097
hsa-miR-3691-3p,24323
hsa-miR-3691-5p,24909
hsa-miR-371b-3p,24321
hsa-miR-373-3p,25602
hsa-miR-374a-3p,25602
hsa-miR-374a-5p,25637
hsa-miR-374b-3p,25547
hsa-miR-374b-5p,25635
hsa-miR-374c-3p,24311
hsa-miR-374c-5p,24987
hsa-miR-375,1379
hsa-miR-376c-3p,25629
hsa-miR-377-3p,25637
hsa-miR-378a-3p,25364
hsa-miR-378a-5p,25546
hsa-miR-378c,25702
hsa-miR-378d,24410
hsa-miR-378e,24432
hsa-miR-378g,24429
hsa-miR-378i,24465
hsa-miR-379-5p,25637
hsa-miR-381-3p,25624
hsa-miR-382-5p,25635
hsa-miR-383-3p,24087
hsa-miR-3909,24956
hsa-miR-3912-3p,24730
hsa-miR-3913-3p,24321
hsa-miR-3913-5p,24910
hsa-miR-3916,25018
hsa-miR-3919,24966
hsa-miR-3925-5p,24943
hsa-miR-3928-3p,24790
hsa-miR-3928-5p,24086
hsa-miR-3929,24967
hsa-miR-3934-3p,24271
hsa-miR-3934-5p,24983
hsa-miR-3935,24996
hsa-miR-3937,24992
hsa-miR-3939,24968
hsa-miR-3940-3p,24912
hsa-miR-3940-5p,24353
hsa-miR-3942-5p,24905
hsa-miR-3943,24967
hsa-miR-3944-3p,24910
hsa-miR-3960,24403
hsa-miR-409-3p,26128
hsa-miR-411-5p,25603
hsa-miR-412-5p,24091
hsa-miR-421,26201
hsa-miR-423-3p,26128
hsa-miR-423-5p,26129
hsa-miR-424-3p,25579
hsa-miR-424-5p,25637
hsa-miR-425-3p,25585
hsa-miR-425-5p,25638
hsa-miR-4259,25646
hsa-miR-4268,25615
hsa-miR-4281,25641
hsa-miR-4283,25560
hsa-miR-4284,25705
hsa-miR-4286,25700
hsa-miR-429,26190
hsa-miR-4290,25639
hsa-miR-4291,25643
hsa-miR-4296,25615
hsa-miR-4306,25640
hsa-miR-431-5p,25636
hsa-miR-4315,25556
hsa-miR-4319,25615
hsa-miR-432-5p,25640
hsa-miR-4326,25610
hsa-miR-4417,831
hsa-miR-4421,24428
hsa-miR-4425,24436
hsa-miR-4428,24405
hsa-miR-4429,24402
hsa-miR-4431,24425
hsa-miR-4434,24409
hsa-miR-4435,24378
hsa-miR-4437,24379
hsa-miR-4440,24405
hsa-miR-4443,24461
hsa-miR-4444,24409
hsa-miR-4445-5p,24313
hsa-miR-4449,24410
hsa-miR-4454,24196
hsa-miR-4458,24434
hsa-miR-4459,837
hsa-miR-4461,862
hsa-miR-4463,24411
hsa-miR-4466,24404
hsa-miR-4467,24378
hsa-miR-4468,24402
hsa-miR-4469,24405
hsa-miR-4470,24411
hsa-miR-4474-3p,24323
hsa-miR-4479,24367
hsa-miR-4484,24411
hsa-miR-4485-3p,18307
hsa-miR-4486,24405
hsa-miR-4488,24468
hsa-miR-4492,24410
hsa-miR-4497,24408
hsa-miR-449a,26157
hsa-miR-449b-3p,25585
hsa-miR-449b-5p,25609
hsa-miR-449c-5p,25605
hsa-miR-4500,24373
hsa-miR-4501,24375
hsa-miR-4508,24410
hsa-miR-450a-1-3p,24181
hsa-miR-450a-2-3p,24160
hsa-miR-450a-5p,25637
hsa-miR-450b-5p,26091
hsa-miR-4516,24467
hsa-miR-451a,25635
hsa-miR-452-5p,25640
hsa-miR-4521,24467
hsa-miR-4528,24377
hsa-miR-4531,24468
hsa-miR-4532,894
hsa-miR-454-3p,25636
hsa-miR-454-5p,25553
hsa-miR-455-3p,26129
hsa-miR-455-5p,26123
hsa-miR-4644,24402
hsa-miR-4646-3p,24355
hsa-miR-4646-5p,24353
hsa-miR-4649-5p,24321
hsa-miR-4652-5p,24319
hsa-miR-4653-3p,24351
hsa-miR-4653-5p,24320
hsa-miR-4660,24405
hsa-miR-4661-3p,24322
hsa-miR-4662a-5p,24322
hsa-miR-4664-3p,24349
hsa-miR-4664-5p,24320
hsa-miR-4665-5p,24354
hsa-miR-4673,24411
hsa-miR-4676-3p,24321
hsa-miR-4677-3p,24319
hsa-miR-4677-5p,24323
hsa-miR-4683,24400
hsa-miR-4684-5p,24317
hsa-miR-4686,24376
hsa-miR-4687-5p,24322
hsa-miR-4689,24410
hsa-miR-4699-5p,24321
hsa-miR-4700-5p,24323
hsa-miR-4705,24375
hsa-miR-4706,24378
hsa-miR-4707-3p,24411
hsa-miR-4707-5p,24409
hsa-miR-4709-3p,24322
hsa-miR-4710,24399
hsa-miR-4712-3p,24318
hsa-miR-4713-5p,24319
hsa-miR-4716-3p,24353
hsa-miR-4717-3p,24321
hsa-miR-4717-5p,24318
hsa-miR-4719,24398
hsa-miR-4721,24405
hsa-miR-4722-5p,24322
hsa-miR-4725-3p,24352
hsa-miR-4726-5p,24353
hsa-miR-4728-3p,24355
hsa-miR-4728-5p,24354
hsa-miR-4731-3p,24354
hsa-miR-4733-5p,24351
hsa-miR-4738-3p,24355
hsa-miR-4739,24411
hsa-miR-4741,24466
hsa-miR-4742-3p,24313
hsa-miR-4742-5p,24321
hsa-miR-4743-5p,24338
hsa-miR-4746-5p,24322
hsa-miR-4747-5p,24320
hsa-miR-4748,24402
hsa-miR-4750-5p,24335
hsa-miR-4755-3p,24355
hsa-miR-4757-5p,24313
hsa-miR-4758-5p,24352
hsa-miR-4761-3p,24323
hsa-miR-4761-5p,24322
hsa-miR-4762-5p,24317
hsa-miR-4763-3p,24353
hsa-miR-4772-3p,24322
hsa-miR-4772-5p,24318
hsa-miR-4775,24379
hsa-miR-4781-5p,24318
hsa-miR-4783-3p,24354
hsa-miR-4785,24398
hsa-miR-4787-3p,24409
hsa-miR-4787-5p,24412
hsa-miR-4791,24377
hsa-miR-4792,888
hsa-miR-4798-5p,24323
hsa-miR-4800-5p,24355
hsa-miR-4802-5p,24314
hsa-miR-483-5p,26129
hsa-miR-484,26199
hsa-miR-485-3p,26097
hsa-miR-486-3p,26130
hsa-miR-486-5p,26073
hsa-miR-488-3p,25607
hsa-miR-488-5p,25551
hsa-miR-489-3p,25438
hsa-miR-491-3p,26126
hsa-miR-491-5p,26092
hsa-miR-492,26191
hsa-miR-493-5p,25577
hsa-miR-494-3p,25438
hsa-miR-497-3p,25548
hsa-miR-497-5p,25603
hsa-miR-498,1385
hsa-miR-499a-5p,25613
hsa-miR-499b-5p,24372
hsa-miR-5001-3p,24369
hsa-miR-5008-5p,24346
hsa-miR-5009-5p,24309
hsa-miR-500a-3p,25585
hsa-miR-500a-5p,25372
hsa-miR-501-3p,26125
hsa-miR-501-5p,26041
hsa-miR-502-3p,26098
hsa-miR-503-3p,24311
hsa-miR-503-5p,25631
hsa-miR-504-5p,25437
hsa-miR-505-3p,25636
hsa-miR-505-5p,25553
hsa-miR-508-3p,26098
hsa-miR-5088-5p,24134
hsa-miR-5089-3p,24242
hsa-miR-5089-5p,24303
hsa-miR-509-3p,26092
hsa-miR-5090,24346
hsa-miR-5096,837
hsa-miR-5100,24338
hsa-miR-514a-3p,25608
hsa-miR-515-3p,26123
hsa-miR-515-5p,26123
hsa-miR-516a-5p,26125
hsa-miR-517a-3p,1943
hsa-miR-517b-3p,1439
hsa-miR-517c-3p,25580
hsa-miR-5187-5p,24345
hsa-miR-5188,24304
hsa-miR-518a-5p,2144
hsa-miR-518b,26193
hsa-miR-518c-3p,25602
hsa-miR-518c-5p,25583
hsa-miR-518d-3p,26088
hsa-miR-518d-5p,798
hsa-miR-518e-5p,1676
hsa-miR-518f-3p,25606
hsa-miR-5196-5p,24403
hsa-miR-519a-3p,24696
hsa-miR-519a-5p,793
hsa-miR-519c-3p,26123
hsa-miR-519c-5p,793
hsa-miR-519d-5p,24086
hsa-miR-520g-3p,25227
hsa-miR-520h,26138
hsa-miR-522-5p,793
hsa-miR-523-5p,793
hsa-miR-524-5p,24728
hsa-miR-525-5p,26126
hsa-miR-526b-5p,25638
hsa-miR-527,858
hsa-miR-532-3p,26128
hsa-miR-532-5p,26126
hsa-miR-542-3p,26098
hsa-miR-542-5p,26130
hsa-miR-545-3p,25604
hsa-miR-545-5p,25548
hsa-miR-548a-3p,26094
hsa-miR-548aa,1217
hsa-miR-548ac,24378
hsa-miR-548ad-5p,99
hsa-miR-548am-5p,620
hsa-miR-548aq-3p,24055
hsa-miR-548aq-5p,24314
hsa-miR-548at-5p,24309
hsa-miR-548au-5p,24254
hsa-miR-548aw,24311
hsa-miR-548ay-3p,24242
hsa-miR-548ay-5p,24244
hsa-miR-548b-3p,26121
hsa-miR-548b-5p,26034
hsa-miR-548c-3p,26037
hsa-miR-548c-5p,2080
hsa-miR-548d-5p,25882
hsa-miR-548e-3p,25439
hsa-miR-548e-5p,24143
hsa-miR-548h-3p,620
hsa-miR-548i,26080
hsa-miR-548j-5p,25224
hsa-miR-548k,25933
hsa-miR-548l,26145
hsa-miR-548n,26141
hsa-miR-548o-3p,25289
hsa-miR-548o-5p,354
hsa-miR-548q,25805
hsa-miR-548t-3p,354
hsa-miR-548u,25611
hsa-miR-548x-3p,25341
hsa-miR-548y,25019
hsa-miR-548z,1007
hsa-miR-550a-3-5p,24289
hsa-miR-550a-3p,25373
hsa-miR-550a-5p,25642
hsa-miR-551a,26161
hsa-miR-551b-3p,25637
hsa-miR-551b-5p,25585
hsa-miR-556-3p,26092
hsa-miR-556-5p,26094
hsa-miR-5580-3p,24315
hsa-miR-5583-3p,24309
hsa-miR-5584-5p,24345
hsa-miR-5585-3p,24346
hsa-miR-5585-5p,24314
hsa-miR-5588-5p,24310
hsa-miR-561-3p,25605
hsa-miR-561-5p,24370
hsa-miR-5680,24308
hsa-miR-5682,24310
hsa-miR-5698,24308
hsa-miR-5699-3p,24141
hsa-miR-5699-5p,24085
hsa-miR-570-3p,25608
hsa-miR-5701,24310
hsa-miR-5702,24304
hsa-miR-5703,24346
hsa-miR-574-3p,26126
hsa-miR-574-5p,26128
hsa-miR-576-3p,26094
hsa-miR-576-5p,26089
hsa-miR-577,26156
hsa-miR-5787,24276
hsa-miR-579-3p,25437
hsa-miR-579-5p,24142
hsa-miR-580-3p,25438
hsa-miR-582-3p,26098
hsa-miR-582-5p,26120
hsa-miR-584-3p,24371
hsa-miR-584-5p,25640
hsa-miR-585-5p,24085
hsa-miR-589-3p,25548
hsa-miR-589-5p,25610
hsa-miR-590-3p,26092
hsa-miR-590-5p,26124
hsa-miR-592,26153
hsa-miR-596,26194
hsa-miR-597-3p,24085
hsa-miR-597-5p,25434
hsa-miR-598-3p,25438
hsa-miR-6087,742
hsa-miR-6089,24275
hsa-miR-6124,24270
hsa-miR-6126,24268
hsa-miR-6134,24240
hsa-miR-615-3p,26130
hsa-miR-615-5p,26097
hsa-miR-616-3p,25608
hsa-miR-618,26101
hsa-miR-619-5p,24086
hsa-miR-624-5p,25550
hsa-miR-625-3p,25581
hsa-miR-625-5p,25642
hsa-miR-627-3p,24142
hsa-miR-627-5p,25439
hsa-miR-628-3p,26097
hsa-miR-628-5p,26094
hsa-miR-629-3p,25583
hsa-miR-629-5p,25636
hsa-miR-631,26194
hsa-miR-636,26133
hsa-miR-639,26197
hsa-miR-641,26166
hsa-miR-642a-3p,24402
hsa-miR-642a-5p,25607
hsa-miR-642b-3p,24936
hsa-miR-650,26200
hsa-miR-6500-3p,24240
hsa-miR-6505-5p,24236
hsa-miR-6509-5p,24273
hsa-miR-651-3p,24153
hsa-miR-651-5p,25433
hsa-miR-6510-5p,24275
hsa-miR-6511a-3p,24300
hsa-miR-6511b-3p,24272
hsa-miR-6513-3p,24238
hsa-miR-6513-5p,24242
hsa-miR-6514-5p,24242
hsa-miR-6515-3p,24275
hsa-miR-6515-5p,24243
hsa-miR-6516-3p,24085
hsa-miR-652-3p,25634
hsa-miR-652-5p,24401
hsa-miR-653-3p,24085
hsa-miR-653-5p,25379
hsa-miR-654-3p,26120
hsa-miR-659-5p,24312
hsa-miR-660-5p,25635
hsa-miR-663a,25636
hsa-miR-663b,26120
hsa-miR-664a-3p,25600
hsa-miR-664a-5p,25576
hsa-miR-664b-3p,24389
hsa-miR-664b-5p,24392
hsa-miR-665,26199
hsa-miR-671-3p,26095
hsa-miR-671-5p,26129
hsa-miR-6715a-3p,24236
hsa-miR-6715b-3p,24243
hsa-miR-6716-3p,24271
hsa-miR-6720-3p,24295
hsa-miR-6720-5p,24083
hsa-miR-6721-5p,24299
hsa-miR-6723-5p,738
hsa-miR-6724-5p,24327
hsa-miR-6728-5p,24086
hsa-miR-6729-3p,24083
hsa-miR-6729-5p,24087
hsa-miR-6730-5p,24085
hsa-miR-6731-5p,24086
hsa-miR-6732-3p,24085
hsa-miR-6734-5p,24087
hsa-miR-6735-5p,24087
hsa-miR-6736-5p,24087
hsa-miR-6737-3p,24085
hsa-miR-6740-5p,24087
hsa-miR-6741-3p,24083
hsa-miR-6741-5p,24086
hsa-miR-6743-3p,24084
hsa-miR-6744-3p,24084
hsa-miR-6745,24077
hsa-miR-6746-5p,24085
hsa-miR-6747-3p,24086
hsa-miR-6748-5p,24084
hsa-miR-6751-5p,24086
hsa-miR-6752-5p,24087
hsa-miR-6756-3p,24086
hsa-miR-6759-5p,24083
hsa-miR-676-3p,24900
hsa-miR-6760-3p,24086
hsa-miR-6763-5p,24085
hsa-miR-6764-3p,24087
hsa-miR-6764-5p,24085
hsa-miR-6765-3p,24086
hsa-miR-6765-5p,24087
hsa-miR-6767-5p,24082
hsa-miR-6769a-5p,24087
hsa-miR-6770-3p,24086
hsa-miR-6772-3p,24086
hsa-miR-6776-3p,24086
hsa-miR-6776-5p,24085
hsa-miR-6777-3p,24085
hsa-miR-6777-5p,24084
hsa-miR-6780a-5p,24085
hsa-miR-6781-3p,24086
hsa-miR-6782-3p,24086
hsa-miR-6783-3p,24085
hsa-miR-6783-5p,24085
hsa-miR-6785-3p,24086
hsa-miR-6787-3p,24087
hsa-miR-6789-3p,24086
hsa-miR-6789-5p,24087
hsa-miR-6790-5p,24086
hsa-miR-6791-5p,24084
hsa-miR-6793-5p,24086
hsa-miR-6794-5p,24085
hsa-miR-6796-5p,24085
hsa-miR-6797-5p,24087
hsa-miR-6799-3p,24083
hsa-miR-6799-5p,24086
hsa-miR-6800-5p,24086
hsa-miR-6801-5p,24085
hsa-miR-6802-5p,24087
hsa-miR-6803-3p,24085
hsa-miR-6805-5p,24087
hsa-miR-6807-5p,24085
hsa-miR-6808-3p,24087
hsa-miR-6809-5p,24085
hsa-miR-6810-5p,24085
hsa-miR-6812-5p,24085
hsa-miR-6820-3p,24083
hsa-miR-6821-5p,24087
hsa-miR-6823-3p,24087
hsa-miR-6826-3p,24083
hsa-miR-6826-5p,24086
hsa-miR-6830-3p,24083
hsa-miR-6830-5p,24085
hsa-miR-6831-5p,24083
hsa-miR-6832-5p,24085
hsa-miR-6833-5p,24084
hsa-miR-6834-5p,24085
hsa-miR-6836-3p,24087
hsa-miR-6837-3p,24083
hsa-miR-6839-5p,24086
hsa-miR-6840-3p,24085
hsa-miR-6842-3p,24086
hsa-miR-6847-5p,24085
hsa-miR-6849-5p,24086
hsa-miR-6850-5p,24086
hsa-miR-6852-3p,24083
hsa-miR-6852-5p,24087
hsa-miR-6855-3p,24085
hsa-miR-6857-3p,24085
hsa-miR-6857-5p,24085
hsa-miR-6858-5p,24086
hsa-miR-6859-5p,24087
hsa-miR-6862-3p,24086
hsa-miR-6862-5p,24086
hsa-miR-6866-5p,24087
hsa-miR-6867-5p,24086
hsa-miR-6869-5p,24086
hsa-miR-6871-5p,24083
hsa-miR-6873-3p,24085
hsa-miR-6875-5p,24086
hsa-miR-6878-3p,24082
hsa-miR-6879-5p,24086
hsa-miR-6880-5p,24085
hsa-miR-6881-5p,24085
hsa-miR-6882-5p,24086
hsa-miR-6883-3p,24087
hsa-miR-6884-3p,24081
hsa-miR-6886-3p,24087
hsa-miR-6886-5p,24086
hsa-miR-6887-3p,24086
hsa-miR-6888-3p,24086
hsa-miR-6889-5p,24085
hsa-miR-6891-5p,24087
hsa-miR-6892-5p,24086
hsa-miR-6894-3p,24085
hsa-miR-6894-5p,24084
hsa-miR-7-1-3p,26267
hsa-miR-7-5p,25636
hsa-miR-708-3p,25549
hsa-miR-708-5p,25641
hsa-miR-7107-5p,24086
hsa-miR-7108-5p,24084
hsa-miR-711,25747
hsa-miR-7110-3p,24084
hsa-miR-7111-3p,24085
hsa-miR-7113-5p,24086
hsa-miR-7156-5p,24085
hsa-miR-718,25749
hsa-miR-744-3p,25585
hsa-miR-744-5p,25642
hsa-miR-760,26194
hsa-miR-7641,657
hsa-miR-765,26193
hsa-miR-766-3p,25640
hsa-miR-766-5p,24402
hsa-miR-767-3p,26091
hsa-miR-767-5p,26093
hsa-miR-769-3p,26128
hsa-miR-769-5p,26094
hsa-miR-7704,24081
hsa-miR-7705,24086
hsa-miR-7706,24080
hsa-miR-7844-5p,24084
hsa-miR-7847-3p,24085
hsa-miR-7850-5p,24087
hsa-miR-7851-3p,24085
hsa-miR-7976,24086
hsa-miR-8053,24080
hsa-miR-8066,24086
hsa-miR-8078,24086
hsa-miR-8089,24080
hsa-miR-8485,17272
hsa-miR-873-3p,24367
hsa-miR-873-5p,25610
hsa-miR-874-3p,25436
hsa-miR-874-5p,24153
hsa-miR-875-3p,26091
hsa-miR-876-3p,26096
hsa-miR-876-5p,26096
hsa-miR-877-3p,25380
hsa-miR-877-5p,25641
hsa-miR-885-5p,26128
hsa-miR-887-3p,25439
hsa-miR-888-5p,25609
hsa-miR-889-3p,25439
hsa-miR-891a-5p,25439
hsa-miR-891b,26159
hsa-miR-9-3p,26293
hsa-miR-9-5p,26352
hsa-miR-92a-1-5p,26324
hsa-miR-92a-3p,25635
hsa-miR-92b-3p,25640
hsa-miR-92b-5p,25552
hsa-miR-93-3p,25547
hsa-miR-93-5p,25639
hsa-miR-933,26199
hsa-miR-934,26194
hsa-miR-935,26157
hsa-miR-937-3p,25599
hsa-miR-937-5p,24276
hsa-miR-938,26099
hsa-miR-939-5p,25632
hsa-miR-940,26189
hsa-miR-941,26092
hsa-miR-942-5p,25435
hsa-miR-95-3p,25437
hsa-miR-96-5p,25634
hsa-miR-98-3p,25057
hsa-miR-98-5p,25623
hsa-miR-99a-3p,25550
hsa-miR-99a-5p,25638
hsa-miR-99b-3p,25582
hsa-miR-99b-5p,25639
hsa-let-7a,488
hsa-let-7b,565
hsa-let-7c,660
hsa-let-7d,565
hsa-let-7e,565
hsa-let-7f,488
hsa-let-7g,565
hsa-miR-1,840
hsa-miR-100,559
hsa-miR-101,488
hsa-miR-103,150
hsa-miR-105,488
hsa-miR-106a,79
hsa-miR-106b,559
hsa-miR-10a,559
hsa-miR-10b,559
hsa-miR-122,559
hsa-miR-124,488
hsa-miR-125b,488
hsa-miR-126,559
hsa-miR-127-5p,26092
hsa-miR-128,587
hsa-miR-129-3p,488
hsa-miR-130a,559
hsa-miR-130b,559
hsa-miR-132,559
hsa-miR-133a,587
hsa-miR-134,658
hsa-miR-135a,488
hsa-miR-135b,559
hsa-miR-136,559
hsa-miR-138,488
hsa-miR-141,559
hsa-miR-143,559
hsa-miR-145,559
hsa-miR-146a,559
hsa-miR-147,559
hsa-miR-148a,559
hsa-miR-148b,559
hsa-miR-149,559
hsa-miR-150,559
hsa-miR-152,658
hsa-miR-153,551
hsa-miR-154,559
hsa-miR-155,559
hsa-miR-15a,559
hsa-miR-15b,559
hsa-miR-16,488
hsa-miR-17,559
hsa-miR-181a,488
hsa-miR-181c,559
hsa-miR-182,559
hsa-miR-183,559
hsa-miR-185,559
hsa-miR-186,559
hsa-miR-187,559
hsa-miR-18a,559
hsa-miR-18b,559
hsa-miR-190,559
hsa-miR-191,559
hsa-miR-192,559
hsa-miR-193b,559
hsa-miR-194,488
hsa-miR-195,559
hsa-miR-196b,559
hsa-miR-197,559
hsa-miR-198,26193
hsa-miR-19a,559
hsa-miR-19b,488
hsa-miR-200a,559
hsa-miR-200b,559
hsa-miR-200c,559
hsa-miR-202,559
hsa-miR-203,568
hsa-miR-204,559
hsa-miR-205,559
hsa-miR-208b,622
hsa-miR-20a,559
hsa-miR-20b,559
hsa-miR-21,559
hsa-miR-210,658
hsa-miR-211,559
hsa-miR-212,559
hsa-miR-214,559
hsa-miR-215,658
hsa-miR-216a,568
hsa-miR-216b,626
hsa-miR-218,488
hsa-miR-219-1-3p,551
hsa-miR-219-2-3p,555
hsa-miR-219-5p,551
hsa-miR-22,559
hsa-miR-220b,165
hsa-miR-220c,165
hsa-miR-221,559
hsa-miR-222,559
hsa-miR-223,559
hsa-miR-224,559
hsa-miR-23a,559
hsa-miR-23b,559
hsa-miR-24,488
hsa-miR-25,559
hsa-miR-26a,488
hsa-miR-26b,559
hsa-miR-27a,559
hsa-miR-27b,559
hsa-miR-298,26200
hsa-miR-299-3p,26091
hsa-miR-299-5p,26126
hsa-miR-29a,559
hsa-miR-29b,488
hsa-miR-29c,559
hsa-miR-301a,559
hsa-miR-301b,938
hsa-miR-302a,559
hsa-miR-302b,559
hsa-miR-302c,559
hsa-miR-30b,559
hsa-miR-30c,488
hsa-miR-31,559
hsa-miR-32,559
hsa-miR-323-3p,488
hsa-miR-325,26164
hsa-miR-328,658
hsa-miR-329,551
hsa-miR-335,559
hsa-miR-33b,559
hsa-miR-340,559
hsa-miR-342-5p,26093
hsa-miR-345,559
hsa-miR-34a,559
hsa-miR-363,559
hsa-miR-365,488
hsa-miR-367,559
hsa-miR-369-3p,26089
hsa-miR-370,658
hsa-miR-371-3p,488
hsa-miR-372,622
hsa-miR-373,559
hsa-miR-374a,559
hsa-miR-374b,559
hsa-miR-376a,488
hsa-miR-376b,568
hsa-miR-376c,568
hsa-miR-377,559
hsa-miR-379,559
hsa-miR-380,559
hsa-miR-381,568
hsa-miR-382,559
hsa-miR-383,622
hsa-miR-384,26161
hsa-miR-409-5p,26091
hsa-miR-410,622
hsa-miR-411,559
hsa-miR-412,622
hsa-miR-422a,26191
hsa-miR-424,559
hsa-miR-425,559
hsa-miR-431,559
hsa-miR-433,622
hsa-miR-448,26158
hsa-miR-449b,559
hsa-miR-450a,488
hsa-miR-450b-3p,26090
hsa-miR-451,559
hsa-miR-452,559
hsa-miR-453,49
hsa-miR-454,559
hsa-miR-485-5p,26094
hsa-miR-487a,622
hsa-miR-487b,654
hsa-miR-488,559
hsa-miR-489,658
hsa-miR-490-3p,26096
hsa-miR-493,559
hsa-miR-494,658
hsa-miR-495,568
hsa-miR-496,26167
hsa-miR-499-3p,488
hsa-miR-499-5p,488
hsa-miR-500,165
hsa-miR-502-5p,26095
hsa-miR-503,568
hsa-miR-504,626
hsa-miR-505,559
hsa-miR-506,559
hsa-miR-507,26158
hsa-miR-508-5p,26130
hsa-miR-509-3-5p,26124
hsa-miR-509-5p,26129
hsa-miR-510,626
hsa-miR-511,555
hsa-miR-512-3p,26126
hsa-miR-512-5p,26130
hsa-miR-516b,488
hsa-miR-517a,559
hsa-miR-517b,559
hsa-miR-517c,559
hsa-miR-518a-3p,26066
hsa-miR-518c,559
hsa-miR-518e,559
hsa-miR-518f,559
hsa-miR-519a,8
hsa-miR-519d,654
hsa-miR-519e,559
hsa-miR-520a-3p,26092
hsa-miR-520a-5p,26123
hsa-miR-520b,1373
hsa-miR-520d-5p,24714
hsa-miR-520e,1383
hsa-miR-520f,654
hsa-miR-520g,654
hsa-miR-521,26125
hsa-miR-522,559
hsa-miR-523,559
hsa-miR-525-3p,26089
hsa-miR-526b,559
hsa-miR-539,559
hsa-miR-541,559
hsa-miR-544,559
hsa-miR-545,559
hsa-miR-548a-5p,25883
hsa-miR-548d-3p,26093
hsa-miR-551b,559
hsa-miR-561,559
hsa-miR-570,559
hsa-miR-579,622
hsa-miR-589,559
hsa-miR-597,622
hsa-miR-598,658
hsa-miR-616,559
hsa-miR-624,559
hsa-miR-625,559
hsa-miR-627,658
hsa-miR-629,559
hsa-miR-642,165
hsa-miR-651,622
hsa-miR-652,559
hsa-miR-653,626
hsa-miR-654-5p,26128
hsa-miR-655,622
hsa-miR-660,559
hsa-miR-708,559
hsa-miR-744,559
hsa-miR-758,568
hsa-miR-873,559
hsa-miR-874,654
hsa-miR-885-3p,26129
hsa-miR-886-3p,150
hsa-miR-886-5p,150
hsa-miR-887,654
hsa-miR-888,559
hsa-miR-889,622
hsa-miR-890,26167
hsa-miR-891a,626
hsa-miR-892a,26164
hsa-miR-9,488
hsa-miR-92a,488
hsa-miR-93,559
hsa-miR-95,626
hsa-miR-96,559
hsa-miR-98,568
hsa-miR-99a,559
hsa-miR-99b,559
hsa-miR-103b,25889
hsa-miR-1181,26122
hsa-miR-1182,26127
hsa-miR-1183,26181
hsa-miR-1184,26039
hsa-miR-1185-1-3p,24404
hsa-miR-1185-2-3p,24402
hsa-miR-1200,26153
hsa-miR-1202,26182
hsa-miR-1203,26150
hsa-miR-1204,26148
hsa-miR-1206,26153
hsa-miR-1207-3p,26023
hsa-miR-1208,26125
hsa-miR-1225-3p,25865
hsa-miR-1227-3p,25543
hsa-miR-1227-5p,24276
hsa-miR-1228-3p,25639
hsa-miR-1229-5p,24275
hsa-miR-1233-1-5p,85
hsa-miR-1233-3p,25451
hsa-miR-1234-3p,25631
hsa-miR-1234-5p,85
hsa-miR-1236-3p,25631
hsa-miR-1237-5p,24271
hsa-miR-1238-3p,25575
hsa-miR-1238-5p,24273
hsa-miR-1243,26124
hsa-miR-1245b-5p,24379
hsa-miR-1249,932
hsa-miR-1250,642
hsa-miR-1253,26151
hsa-miR-1255b-2-3p,24313
hsa-miR-1258,26145
hsa-miR-1260a,25635
hsa-miR-1266,610
hsa-miR-1272,26146
hsa-miR-1273g-5p,741
hsa-miR-1285-3p,25641
hsa-miR-1287,642
hsa-miR-1288,642
hsa-miR-129-2-3p,26356
hsa-miR-1292-3p,24274
hsa-miR-1295b-3p,24314
hsa-miR-1296,610
hsa-miR-1298,610
hsa-miR-1306-3p,25642
hsa-miR-130a-5p,25551
hsa-miR-1321,26126
hsa-miR-1324,26096
hsa-miR-1343,131
hsa-miR-135a-3p,25584
hsa-miR-1469,26170
hsa-miR-1470,26111
hsa-miR-1471,26106
hsa-miR-148b-5p,25553
hsa-miR-149-3p,26299
hsa-miR-150-3p,25585
hsa-miR-1539,26112
hsa-miR-155-3p,25552
hsa-miR-1825,26121
hsa-miR-1827,26147
hsa-miR-187-5p,25583
hsa-miR-1908,595
hsa-miR-1909-5p,25583
hsa-miR-1910,627
hsa-miR-1911-3p,25550
hsa-miR-1912,1269
hsa-miR-1913,26080
hsa-miR-1914-3p,25585
hsa-miR-1914-5p,25548
hsa-miR-1915-3p,25639
hsa-miR-196a-3p,26323
hsa-miR-196b-3p,25549
hsa-miR-1976,25767
hsa-miR-19a-5p,26265
hsa-miR-19b-2-5p,25552
hsa-miR-202-3p,25640
hsa-miR-204-3p,25061
hsa-miR-20b-3p,25553
hsa-miR-211-3p,25116
hsa-miR-2113,25766
hsa-miR-2114-3p,25550
hsa-miR-2114-5p,25550
hsa-miR-2116-3p,25582
hsa-miR-214-3p,26354
hsa-miR-216a-3p,24967
hsa-miR-224-3p,26268
hsa-miR-2276,263
hsa-miR-2277-3p,25588
hsa-miR-2278,25798
hsa-miR-2355-5p,25561
hsa-miR-2392,24405
hsa-miR-2467-3p,24355
hsa-miR-2467-5p,24321
hsa-miR-2681-3p,24313
hsa-miR-2682-3p,24313
hsa-miR-2861,25648
hsa-miR-2909,25614
hsa-miR-2964a-5p,75
hsa-miR-297,26197
hsa-miR-300,26162
hsa-miR-302c-3p,25610
hsa-miR-302c-5p,25583
hsa-miR-302d-5p,25552
hsa-miR-3064-3p,24322
hsa-miR-3117-3p,25560
hsa-miR-3119,25560
hsa-miR-3120-3p,25555
hsa-miR-3121-5p,24316
hsa-miR-3122,25641
hsa-miR-3125,25643
hsa-miR-3126-5p,25558
hsa-miR-3128,25616
hsa-miR-3132,25649
hsa-miR-3134,25616
hsa-miR-3135a,25546
hsa-miR-3137,25642
hsa-miR-3145-3p,25561
hsa-miR-3145-5p,24322
hsa-miR-3150b-3p,24969
hsa-miR-3150b-5p,24354
hsa-miR-3151,163
hsa-miR-3152-3p,25591
hsa-miR-3153,25616
hsa-miR-3154,25640
hsa-miR-3155a,25335
hsa-miR-3156-3p,24322
hsa-miR-3156-5p,25592
hsa-miR-3160-3p,25561
hsa-miR-3160-5p,24321
hsa-miR-3162-3p,24355
hsa-miR-3163,25640
hsa-miR-3165,25615
hsa-miR-3166,25606
hsa-miR-3173-3p,25592
hsa-miR-3177-3p,25592
hsa-miR-3177-5p,24321
hsa-miR-3180-5p,25437
hsa-miR-3184-3p,24314
hsa-miR-3185,25704
hsa-miR-3186-5p,25559
hsa-miR-3187-5p,24322
hsa-miR-3189-5p,24353
hsa-miR-3190-3p,24404
hsa-miR-3190-5p,25373
hsa-miR-3191-5p,24315
hsa-miR-3192,131
hsa-miR-3201,25611
hsa-miR-3202,25649
hsa-miR-323a-5p,25606
hsa-miR-3591-3p,781
hsa-miR-3610,24993
hsa-miR-3612,24967
hsa-miR-3613-3p,24963
hsa-miR-3618,24968
hsa-miR-3619-5p,24911
hsa-miR-3620-3p,24924
hsa-miR-3621,24997
hsa-miR-3622a-3p,24912
hsa-miR-3622b-3p,24943
hsa-miR-3622b-5p,24943
hsa-miR-3646,24994
hsa-miR-3649,24968
hsa-miR-3650,24997
hsa-miR-3652,24997
hsa-miR-3653,447
hsa-miR-3659,24998
hsa-miR-3662,24962
hsa-miR-3663-5p,24942
hsa-miR-3664-5p,24911
hsa-miR-3665,25000
hsa-miR-3666,24999
hsa-miR-3667-3p,24912
hsa-miR-367-3p,25608
hsa-miR-3670,24965
hsa-miR-3671,24966
hsa-miR-3673,421
hsa-miR-3675-3p,24943
hsa-miR-3675-5p,24912
hsa-miR-3676-5p,94
hsa-miR-3677-5p,24322
hsa-miR-3678-3p,24911
hsa-miR-3683,24961
hsa-miR-3685,24961
hsa-miR-3686,24959
hsa-miR-3688-3p,24910
hsa-miR-3689b-3p,1241
hsa-miR-3689f,24398
hsa-miR-3690,25024
hsa-miR-3692-3p,24904
hsa-miR-3692-5p,24936
hsa-miR-3714,24962
hsa-miR-371a-3p,25549
hsa-miR-371a-5p,25640
hsa-miR-371b-5p,24411
hsa-miR-373-5p,25585
hsa-miR-376b-3p,25632
hsa-miR-378b,25699
hsa-miR-378f,24461
hsa-miR-378h,24428
hsa-miR-378j,24242
hsa-miR-379-3p,25552
hsa-miR-382-3p,24369
hsa-miR-3907,24993
hsa-miR-3908,24967
hsa-miR-3910,24911
hsa-miR-3911,24992
hsa-miR-3914,24911
hsa-miR-3917,24992
hsa-miR-3918,25018
hsa-miR-3920,24955
hsa-miR-3922-3p,24911
hsa-miR-3922-5p,24319
hsa-miR-3923,24994
hsa-miR-3925-3p,24323
hsa-miR-3926,24944
hsa-miR-3927-5p,24240
hsa-miR-3928,131
hsa-miR-3936,24962
hsa-miR-3944-5p,24318
hsa-miR-3945,24999
hsa-miR-3972,24403
hsa-miR-3975,24379
hsa-miR-3976,24405
hsa-miR-3977,24378
hsa-miR-411-3p,25553
hsa-miR-4251,25615
hsa-miR-4252,25609
hsa-miR-4253,25643
hsa-miR-4254,25610
hsa-miR-4255,25615
hsa-miR-4257,25648
hsa-miR-4258,25617
hsa-miR-4260,25641
hsa-miR-4261,25641
hsa-miR-4265,25615
hsa-miR-4267,25610
hsa-miR-4269,25641
hsa-miR-4270,25643
hsa-miR-4271,25642
hsa-miR-4273,25609
hsa-miR-4274,25641
hsa-miR-4275,25616
hsa-miR-4276,25615
hsa-miR-4277,25610
hsa-miR-4279,25614
hsa-miR-4280,25640
hsa-miR-4282,25642
hsa-miR-4288,25615
hsa-miR-4289,25615
hsa-miR-4293,25614
hsa-miR-4294,25649
hsa-miR-4295,25606
hsa-miR-4297,25616
hsa-miR-4298,25641
hsa-miR-4299,25642
hsa-miR-4300,25616
hsa-miR-4302,25609
hsa-miR-4304,25648
hsa-miR-4305,25616
hsa-miR-4307,25614
hsa-miR-4308,25617
hsa-miR-4309,25608
hsa-miR-431-3p,25581
hsa-miR-4310,25641
hsa-miR-4311,25642
hsa-miR-4312,25643
hsa-miR-4313,25645
hsa-miR-4314,25642
hsa-miR-4316,25612
hsa-miR-4318,25406
hsa-miR-432-3p,25550
hsa-miR-4322,25648
hsa-miR-4323,25647
hsa-miR-4324,25643
hsa-miR-4325,25616
hsa-miR-4327,25643
hsa-miR-4329,25617
hsa-miR-4330,25611
hsa-miR-4419a,837
hsa-miR-4419b,837
hsa-miR-4422,24404
hsa-miR-4423-3p,24322
hsa-miR-4423-5p,24323
hsa-miR-4430,24404
hsa-miR-4433-3p,389
hsa-miR-4433-5p,389
hsa-miR-4436a,24376
hsa-miR-4436b-3p,24354
hsa-miR-4436b-5p,24354
hsa-miR-4438,24371
hsa-miR-4442,24410
hsa-miR-4445-3p,24314
hsa-miR-4446-3p,24353
hsa-miR-4446-5p,24322
hsa-miR-4447,24368
hsa-miR-4448,24434
hsa-miR-4450,24375
hsa-miR-4451,24455
hsa-miR-4455,24462
hsa-miR-4456,24410
hsa-miR-4462,24401
hsa-miR-4464,24373
hsa-miR-4465,24405
hsa-miR-4471,24370
hsa-miR-4472,24352
hsa-miR-4474-5p,24323
hsa-miR-4475,24371
hsa-miR-4476,24411
hsa-miR-4477a,24378
hsa-miR-4478,24404
hsa-miR-4481,24398
hsa-miR-4482-3p,24346
hsa-miR-4483,24402
hsa-miR-4485,447
hsa-miR-4487,24409
hsa-miR-4489,24378
hsa-miR-4490,24371
hsa-miR-4491,24372
hsa-miR-4493,24369
hsa-miR-4494,24368
hsa-miR-4496,24405
hsa-miR-4498,24407
hsa-miR-4499,24410
hsa-miR-449c-3p,25553
hsa-miR-4502,24403
hsa-miR-4504,24369
hsa-miR-4505,24408
hsa-miR-4506,24377
hsa-miR-4507,24411
hsa-miR-4510,24410
hsa-miR-4512,24373
hsa-miR-4513,24404
hsa-miR-4514,24405
hsa-miR-4515,24408
hsa-miR-452-3p,25551
hsa-miR-4520a-3p,365
hsa-miR-4520a-5p,61
hsa-miR-4520b-3p,397
hsa-miR-4524a-5p,24370
hsa-miR-4524b-3p,24314
hsa-miR-4524b-5p,24313
hsa-miR-4525,24370
hsa-miR-4526,24376
hsa-miR-4529-5p,24323
hsa-miR-4530,24405
hsa-miR-4533,24410
hsa-miR-4534,24411
hsa-miR-4535,24404
hsa-miR-4538,24405
hsa-miR-4539,24404
hsa-miR-4632-3p,24306
hsa-miR-4632-5p,24275
hsa-miR-4633-3p,24318
hsa-miR-4633-5p,24353
hsa-miR-4634,24410
hsa-miR-4635,24371
hsa-miR-4638-3p,24354
hsa-miR-4638-5p,24282
hsa-miR-4639-5p,24322
hsa-miR-4640-3p,24320
hsa-miR-4640-5p,24354
hsa-miR-4641,24373
hsa-miR-4642,24378
hsa-miR-4643,24378
hsa-miR-4647,24460
hsa-miR-4648,24403
hsa-miR-4649-3p,24353
hsa-miR-4651,24411
hsa-miR-4652-3p,24319
hsa-miR-4654,24378
hsa-miR-4655-3p,24355
hsa-miR-4655-5p,24355
hsa-miR-4656,24411
hsa-miR-4657,24376
hsa-miR-4658,24368
hsa-miR-4659a-5p,24318
hsa-miR-4659b-5p,24321
hsa-miR-466,25615
hsa-miR-4661-5p,24322
hsa-miR-4663,24376
hsa-miR-4665-3p,24354
hsa-miR-4666a-5p,24315
hsa-miR-4667-3p,24353
hsa-miR-4667-5p,24352
hsa-miR-4668-5p,24305
hsa-miR-4669,24410
hsa-miR-4670-5p,24322
hsa-miR-4672,24410
hsa-miR-4674,24410
hsa-miR-4675,24376
hsa-miR-4676-5p,24320
hsa-miR-4678,24371
hsa-miR-4680-3p,24322
hsa-miR-4681,24379
hsa-miR-4682,24404
hsa-miR-4685-3p,24323
hsa-miR-4685-5p,24354
hsa-miR-4687-3p,24353
hsa-miR-4688,24405
hsa-miR-4690-3p,24321
hsa-miR-4690-5p,24355
hsa-miR-4691-3p,24322
hsa-miR-4691-5p,24354
hsa-miR-4692,24372
hsa-miR-4693-5p,24322
hsa-miR-4694-5p,24320
hsa-miR-4695-3p,24321
hsa-miR-4695-5p,24354
hsa-miR-4697-3p,24320
hsa-miR-4697-5p,24354
hsa-miR-4698,24411
hsa-miR-4699-3p,24323
hsa-miR-4700-3p,24321
hsa-miR-4701-3p,24352
hsa-miR-4701-5p,24355
hsa-miR-4703-3p,24322
hsa-miR-4708-3p,24321
hsa-miR-4708-5p,24321
hsa-miR-4709-5p,24321
hsa-miR-4711-5p,24322
hsa-miR-4712-5p,24322
hsa-miR-4713-3p,24355
hsa-miR-4714-5p,24320
hsa-miR-4715-3p,24321
hsa-miR-4715-5p,24322
hsa-miR-4716-5p,24355
hsa-miR-4718,24369
hsa-miR-4720-5p,24321
hsa-miR-4722-3p,24322
hsa-miR-4723-3p,24322
hsa-miR-4723-5p,24320
hsa-miR-4724-5p,24321
hsa-miR-4725-5p,24355
hsa-miR-4726-3p,24323
hsa-miR-4727-3p,24321
hsa-miR-4729,24401
hsa-miR-4730,24405
hsa-miR-4731-5p,24322
hsa-miR-4732-3p,24321
hsa-miR-4732-5p,24353
hsa-miR-4734,24408
hsa-miR-4736,24373
hsa-miR-4737,24372
hsa-miR-4740-5p,24354
hsa-miR-4745-3p,24320
hsa-miR-4745-5p,24354
hsa-miR-4746-3p,24355
hsa-miR-4747-3p,24320
hsa-miR-4749-3p,24355
hsa-miR-4749-5p,24352
hsa-miR-4750-3p,24097
hsa-miR-4751,24371
hsa-miR-4753-5p,24355
hsa-miR-4754,24403
hsa-miR-4757-3p,24322
hsa-miR-4758-3p,24351
hsa-miR-4759,24376
hsa-miR-4763-5p,24321
hsa-miR-4764-5p,24322
hsa-miR-4766-3p,24322
hsa-miR-4767,24411
hsa-miR-4768-3p,24355
hsa-miR-4769-3p,24354
hsa-miR-4769-5p,24353
hsa-miR-4771,24318
hsa-miR-4773,24354
hsa-miR-4774-3p,24322
hsa-miR-4774-5p,24320
hsa-miR-4776-3p,24323
hsa-miR-4776-5p,24353
hsa-miR-4778-3p,24320
hsa-miR-4778-5p,24353
hsa-miR-4779,24379
hsa-miR-4780,24377
hsa-miR-4782-5p,24320
hsa-miR-4783-5p,24321
hsa-miR-4784,24407
hsa-miR-4786-3p,24317
hsa-miR-4786-5p,24321
hsa-miR-4788,24409
hsa-miR-4790-3p,24319
hsa-miR-4793-3p,24352
hsa-miR-4796-3p,24319
hsa-miR-4796-5p,24321
hsa-miR-4799-5p,24319
hsa-miR-4800-3p,24321
hsa-miR-4801,24374
hsa-miR-4802-3p,24322
hsa-miR-4804-3p,24322
hsa-miR-4804-5p,24323
hsa-miR-483-3p,26128
hsa-miR-493-3p,25642
hsa-miR-4999-3p,24314
hsa-miR-4999-5p,24312
hsa-miR-499b-3p,24369
hsa-miR-5000-3p,24275
hsa-miR-5001-5p,24347
hsa-miR-5002-3p,24315
hsa-miR-5003-3p,24346
hsa-miR-5003-5p,24347
hsa-miR-5004-3p,24314
hsa-miR-5004-5p,24314
hsa-miR-5006-3p,24312
hsa-miR-5006-5p,24344
hsa-miR-5007-3p,24314
hsa-miR-5007-5p,24309
hsa-miR-5008-3p,24344
hsa-miR-5009-3p,24312
hsa-miR-5010-3p,24404
hsa-miR-5010-5p,24400
hsa-miR-5011-3p,24312
hsa-miR-5011-5p,24311
hsa-miR-506-3p,25608
hsa-miR-506-5p,24370
hsa-miR-5087,24311
hsa-miR-5088,99
hsa-miR-5091,24311
hsa-miR-5092,24307
hsa-miR-5093,24340
hsa-miR-5094,24305
hsa-miR-5095,799
hsa-miR-513a-5p,26125
hsa-miR-513b,658
hsa-miR-513c-3p,24371
hsa-miR-514b-3p,25616
hsa-miR-514b-5p,25649
hsa-miR-516b-5p,25642
hsa-miR-517-5p,25551
hsa-miR-5186,24314
hsa-miR-5187-3p,24314
hsa-miR-5189,99
hsa-miR-518f-5p,25343
hsa-miR-5190,24340
hsa-miR-5191,24305
hsa-miR-5192,24307
hsa-miR-5193,24311
hsa-miR-5194,24343
hsa-miR-5195-3p,24345
hsa-miR-5195-5p,24314
hsa-miR-5196-3p,24314
hsa-miR-5197-5p,24312
hsa-miR-526b-3p,25549
hsa-miR-541-3p,25609
hsa-miR-541-5p,25550
hsa-miR-544b,25615
hsa-miR-548ab,24379
hsa-miR-548ad,421
hsa-miR-548ae,365
hsa-miR-548ag,24319
hsa-miR-548ai,716
hsa-miR-548aj-5p,620
hsa-miR-548al,24436
hsa-miR-548an,24372
hsa-miR-548as-5p,24314
hsa-miR-548au-3p,24314
hsa-miR-548ax,24313
hsa-miR-548az-5p,24276
hsa-miR-548e,610
hsa-miR-548h-5p,25609
hsa-miR-548m,26144
hsa-miR-548v,25665
hsa-miR-548w,25401
hsa-miR-550b-2-5p,24346
hsa-miR-552,626
hsa-miR-557,26138
hsa-miR-5571-5p,24346
hsa-miR-5572,24309
hsa-miR-5579-3p,24313
hsa-miR-558,26111
hsa-miR-5581-3p,24315
hsa-miR-5581-5p,24344
hsa-miR-5582-5p,24314
hsa-miR-5586-3p,24313
hsa-miR-5586-5p,24315
hsa-miR-5587-3p,24312
hsa-miR-5588-3p,24312
hsa-miR-5589-3p,24315
hsa-miR-5589-5p,24315
hsa-miR-559,26112
hsa-miR-5590-3p,24315
hsa-miR-5591-3p,24314
hsa-miR-5591-5p,24315
hsa-miR-564,26199
hsa-miR-566,1389
hsa-miR-567,26166
hsa-miR-5684,24346
hsa-miR-5685,24347
hsa-miR-5686,67
hsa-miR-5687,24307
hsa-miR-5688,24315
hsa-miR-5689,24307
hsa-miR-569,26105
hsa-miR-5690,24314
hsa-miR-5691,24308
hsa-miR-5693,24306
hsa-miR-5694,24307
hsa-miR-5695,24314
hsa-miR-5696,24339
hsa-miR-5697,24307
hsa-miR-5699,99
hsa-miR-5700,24309
hsa-miR-5704,24306
hsa-miR-5707,24313
hsa-miR-5708,24339
hsa-miR-571,26191
hsa-miR-5739,24272
hsa-miR-575,26195
hsa-miR-583,26133
hsa-miR-587,26161
hsa-miR-593-5p,25552
hsa-miR-595,26194
hsa-miR-600,26162
hsa-miR-601,26197
hsa-miR-602,26138
hsa-miR-603,25958
hsa-miR-604,26169
hsa-miR-606,26163
hsa-miR-6069,24269
hsa-miR-6072,24243
hsa-miR-6074,24244
hsa-miR-6075,24275
hsa-miR-6076,24269
hsa-miR-6077,24242
hsa-miR-6079,24236
hsa-miR-608,26168
hsa-miR-6080,24237
hsa-miR-6081,24269
hsa-miR-6082,24242
hsa-miR-6083,24267
hsa-miR-6084,24269
hsa-miR-6085,24276
hsa-miR-6086,24275
hsa-miR-6088,24273
hsa-miR-609,26104
hsa-miR-6090,24273
hsa-miR-610,26201
hsa-miR-612,26168
hsa-miR-6125,24275
hsa-miR-6127,24270
hsa-miR-6128,24241
hsa-miR-6129,24276
hsa-miR-613,26161
hsa-miR-6130,24273
hsa-miR-6131,24273
hsa-miR-6132,24276
hsa-miR-6133,24274
hsa-miR-6165,24269
hsa-miR-617,26200
hsa-miR-620,26167
hsa-miR-622,26138
hsa-miR-623,26138
hsa-miR-626,26167
hsa-miR-633,26104
hsa-miR-634,26142
hsa-miR-635,26111
hsa-miR-637,26161
hsa-miR-638,26200
hsa-miR-640,26159
hsa-miR-642b-5p,24315
hsa-miR-644a,25605
hsa-miR-645,26101
hsa-miR-646,26101
hsa-miR-647,26100
hsa-miR-649,26167
hsa-miR-6499-3p,24242
hsa-miR-6499-5p,24241
hsa-miR-6500-5p,24275
hsa-miR-6501-3p,24238
hsa-miR-6501-5p,24243
hsa-miR-6502-5p,24243
hsa-miR-6503-3p,24298
hsa-miR-6503-5p,24297
hsa-miR-6504-3p,24241
hsa-miR-6505-3p,24244
hsa-miR-6506-3p,24243
hsa-miR-6508-5p,24276
hsa-miR-6509-3p,24240
hsa-miR-6510-3p,24241
hsa-miR-6511a-5p,24332
hsa-miR-6511b-5p,24273
hsa-miR-6512-3p,24242
hsa-miR-6512-5p,24274
hsa-miR-6514-3p,24242
hsa-miR-657,26105
hsa-miR-658,26136
hsa-miR-659-3p,25583
hsa-miR-660-3p,24402
hsa-miR-661,26165
hsa-miR-662,26133
hsa-miR-668,658
hsa-miR-670,263
hsa-miR-6715b-5p,24243
hsa-miR-6716-5p,24273
hsa-miR-6717-5p,24274
hsa-miR-6718-5p,24243
hsa-miR-6722-3p,24275
hsa-miR-6722-5p,24274
hsa-miR-675-3p,25553
hsa-miR-675-5p,25609
hsa-miR-676-5p,24904
hsa-miR-7-2-3p,26267
hsa-miR-758-3p,25542
hsa-miR-758-5p,24339
hsa-miR-761,25774
hsa-miR-762,25746
hsa-miR-764,25764
hsa-miR-770-5p,26128
hsa-miR-888-3p,25552
hsa-miR-892b,26198
hsa-miR-892c-5p,24242
hsa-miR-920,26105
hsa-miR-921,26112
hsa-miR-924,26162
hsa-miR-92a-2-5p,25550
hsa-miR-936,26194
hsa-miR-939-3p,24244
hsa-miR-943,26099
hsa-miR-106a-3p,25547
hsa-miR-1178-3p,25595
hsa-miR-1178-5p,24238
hsa-miR-1180,638
hsa-miR-1185-5p,25606
hsa-miR-1193,25664
hsa-miR-1197,26149
hsa-miR-1205,26148
hsa-miR-122-3p,26262
hsa-miR-124-3p,25604
hsa-miR-124-5p,26262
hsa-miR-1245a,25605
hsa-miR-1245b-3p,24374
hsa-miR-1251,606
hsa-miR-1252,606
hsa-miR-1261,26174
hsa-miR-1264,26147
hsa-miR-1265,26085
hsa-miR-1271-3p,24365
hsa-miR-1278,26148
hsa-miR-1279,26148
hsa-miR-1282,26083
hsa-miR-1295b-5p,24310
hsa-miR-1301,638
hsa-miR-1305,26181
hsa-miR-1468,591
hsa-miR-146a-3p,25549
hsa-miR-147a,25387
hsa-miR-1537,591
hsa-miR-154-3p,25546
hsa-miR-181d,654
hsa-miR-18b-3p,25580
hsa-miR-18b-5p,25637
hsa-miR-190a,63
hsa-miR-1915-5p,25580
hsa-miR-203a,370
hsa-miR-2052,25707
hsa-miR-2053,25762
hsa-miR-2054,24766
hsa-miR-208a,622
hsa-miR-2115-5p,25546
hsa-miR-2117,25800
hsa-miR-214-5p,26292
hsa-miR-218-2-3p,25548
hsa-miR-223-5p,26263
hsa-miR-24-1-5p,25540
hsa-miR-2681-5p,24310
hsa-miR-2964a-3p,71
hsa-miR-302a-3p,25600
hsa-miR-302a-5p,25606
hsa-miR-302b-3p,25604
hsa-miR-302b-5p,25547
hsa-miR-302d-3p,25605
hsa-miR-302e,26136
hsa-miR-302f,26143
hsa-miR-3117-5p,24319
hsa-miR-3118,25555
hsa-miR-3123,25613
hsa-miR-3124-3p,24317
hsa-miR-3127-3p,24317
hsa-miR-3136-3p,24318
hsa-miR-3142,25607
hsa-miR-3152-5p,24316
hsa-miR-3155b,24348
hsa-miR-3167,25612
hsa-miR-3169,25612
hsa-miR-3171,25606
hsa-miR-3179,25612
hsa-miR-3181,25637
hsa-miR-3186-3p,25556
hsa-miR-3191-3p,25546
hsa-miR-3193,25610
hsa-miR-3199,25555
hsa-miR-3200-5p,24940
hsa-miR-323b-3p,25608
hsa-miR-323b-5p,26060
hsa-miR-338-5p,26126
hsa-miR-3606-3p,24238
hsa-miR-3606-5p,24887
hsa-miR-3613-5p,24964
hsa-miR-3616-5p,24907
hsa-miR-3655,24958
hsa-miR-3657,24953
hsa-miR-3658,24957
hsa-miR-3667-5p,24940
hsa-miR-3668,24963
hsa-miR-3669,411
hsa-miR-367-5p,25548
hsa-miR-3672,24958
hsa-miR-3674,24962
hsa-miR-3676-3p,95
hsa-miR-3677-3p,24906
hsa-miR-3678-5p,24905
hsa-miR-3681-3p,24899
hsa-miR-3682-5p,24318
hsa-miR-3684,24957
hsa-miR-3688-5p,24316
hsa-miR-3689a-3p,24939
hsa-miR-3689c,404
hsa-miR-3689d,24317
hsa-miR-3713,24996
hsa-miR-376a-2-5p,24297
hsa-miR-376a-3p,25637
hsa-miR-376a-5p,25547
hsa-miR-376b-5p,24239
hsa-miR-376c-5p,24296
hsa-miR-377-5p,25548
hsa-miR-380-3p,25603
hsa-miR-380-5p,25549
hsa-miR-381-5p,24305
hsa-miR-3912,127
hsa-miR-3915,24990
hsa-miR-3921,24961
hsa-miR-3924,24964
hsa-miR-3927-3p,24887
hsa-miR-3938,24995
hsa-miR-3941,24960
hsa-miR-3942-3p,24314
hsa-miR-3973,24368
hsa-miR-3974,24374
hsa-miR-3978,24373
hsa-miR-4256,25645
hsa-miR-4262,25607
hsa-miR-4263,25602
hsa-miR-4264,25601
hsa-miR-4266,25612
hsa-miR-4272,25606
hsa-miR-4278,25611
hsa-miR-4285,25606
hsa-miR-4287,25605
hsa-miR-4292,25612
hsa-miR-4301,25611
hsa-miR-4303,25613
hsa-miR-4317,25645
hsa-miR-4320,25604
hsa-miR-4321,25604
hsa-miR-4328,25612
hsa-miR-4418,24369
hsa-miR-4420,24369
hsa-miR-4424,24362
hsa-miR-4426,24374
hsa-miR-4427,24366
hsa-miR-4432,24369
hsa-miR-4439,24375
hsa-miR-4441,24406
hsa-miR-4452,24373
hsa-miR-4453,24373
hsa-miR-4457,24367
hsa-miR-4460,24367
hsa-miR-4473,24374
hsa-miR-4477b,24368
hsa-miR-4480,24372
hsa-miR-4482-5p,24311
hsa-miR-4495,24374
hsa-miR-4503,24370
hsa-miR-4509,24318
hsa-miR-450a-3p,63
hsa-miR-4511,24373
hsa-miR-4517,24374
hsa-miR-4518,24367
hsa-miR-4519,24402
hsa-miR-451b,24407
hsa-miR-4520b-5p,6
hsa-miR-4522,24403
hsa-miR-4523,24374
hsa-miR-4524a-3p,24309
hsa-miR-4527,24372
hsa-miR-4529-3p,24319
hsa-miR-4536-3p,24367
hsa-miR-4536-5p,24365
hsa-miR-4537,24374
hsa-miR-4540,24366
hsa-miR-4636,24399
hsa-miR-4637,24367
hsa-miR-4639-3p,24309
hsa-miR-4645-3p,24319
hsa-miR-4645-5p,24317
hsa-miR-4650-3p,24318
hsa-miR-4650-5p,24316
hsa-miR-4659a-3p,24349
hsa-miR-4659b-3p,24318
hsa-miR-4662a-3p,24317
hsa-miR-4662b,24369
hsa-miR-4666a-3p,24308
hsa-miR-4666b,24336
hsa-miR-4668-3p,24313
hsa-miR-4670-3p,24317
hsa-miR-4671-3p,24318
hsa-miR-4671-5p,24317
hsa-miR-4679,24317
hsa-miR-4680-5p,24315
hsa-miR-4684-3p,24350
hsa-miR-4693-3p,24318
hsa-miR-4694-3p,24318
hsa-miR-4696,24373
hsa-miR-4703-5p,24318
hsa-miR-4704-3p,24316
hsa-miR-4704-5p,24318
hsa-miR-4711-3p,24351
hsa-miR-4714-3p,24316
hsa-miR-4720-3p,24319
hsa-miR-4724-3p,24317
hsa-miR-4727-5p,24314
hsa-miR-4733-3p,24319
hsa-miR-4735-3p,24316
hsa-miR-4735-5p,24316
hsa-miR-4738-5p,24315
hsa-miR-4740-3p,24348
hsa-miR-4743-3p,24235
hsa-miR-4744,24367
hsa-miR-4752,24372
hsa-miR-4753-3p,24317
hsa-miR-4755-5p,24375
hsa-miR-4756-3p,24317
hsa-miR-4756-5p,24318
hsa-miR-4760-3p,24319
hsa-miR-4760-5p,24319
hsa-miR-4762-3p,24349
hsa-miR-4764-3p,24319
hsa-miR-4765,24373
hsa-miR-4766-5p,24318
hsa-miR-4768-5p,24316
hsa-miR-4770,24367
hsa-miR-4777-3p,24315
hsa-miR-4777-5p,24319
hsa-miR-4781-3p,24319
hsa-miR-4782-3p,24315
hsa-miR-4789-3p,24316
hsa-miR-4789-5p,24316
hsa-miR-4790-5p,24318
hsa-miR-4793-5p,24350
hsa-miR-4794,24364
hsa-miR-4795-3p,24317
hsa-miR-4795-5p,24319
hsa-miR-4797-3p,24318
hsa-miR-4797-5p,24317
hsa-miR-4798-3p,24314
hsa-miR-4799-3p,24313
hsa-miR-4803,24368
hsa-miR-490-5p,26126
hsa-miR-495-3p,25628
hsa-miR-495-5p,24311
hsa-miR-499a-3p,25614
hsa-miR-5000-5p,24309
hsa-miR-5002-5p,24311
hsa-miR-500b,119
hsa-miR-5047,24372
hsa-miR-513a-3p,25915
hsa-miR-513c-5p,25638
hsa-miR-514a-5p,24366
hsa-miR-516a-3p,2156
hsa-miR-516b-3p,793
hsa-miR-518e-3p,25635
hsa-miR-5197-3p,24310
hsa-miR-519b-3p,26125
hsa-miR-519b-5p,1003
hsa-miR-519e-3p,25602
hsa-miR-519e-5p,25578
hsa-miR-520c-3p,25909
hsa-miR-520c-5p,793
hsa-miR-520d-3p,26125
hsa-miR-522-3p,25638
hsa-miR-523-3p,25605
hsa-miR-524-3p,26092
hsa-miR-526a,6
hsa-miR-539-3p,24368
hsa-miR-539-5p,25638
hsa-miR-543,26159
hsa-miR-544a,25599
hsa-miR-548ah-3p,24052
hsa-miR-548ah-5p,24368
hsa-miR-548aj-3p,24310
hsa-miR-548ak,24426
hsa-miR-548am-3p,24310
hsa-miR-548ao-3p,24311
hsa-miR-548ao-5p,24311
hsa-miR-548ap-3p,24254
hsa-miR-548ap-5p,24258
hsa-miR-548ar-3p,24367
hsa-miR-548ar-5p,24368
hsa-miR-548as-3p,24310
hsa-miR-548at-3p,24310
hsa-miR-548av-3p,24253
hsa-miR-548av-5p,24259
hsa-miR-548az-3p,24239
hsa-miR-548f,535
hsa-miR-548g-3p,25597
hsa-miR-548g-5p,348
hsa-miR-548j,606
hsa-miR-548p,26086
hsa-miR-548s,25612
hsa-miR-548t-5p,25548
hsa-miR-548x-5p,354
hsa-miR-549a,779
hsa-miR-550b-3p,24897
hsa-miR-553,26163
hsa-miR-554,26158
hsa-miR-555,26158
hsa-miR-5571-3p,24311
hsa-miR-5579-5p,24308
hsa-miR-5580-5p,24309
hsa-miR-5582-3p,24311
hsa-miR-5583-5p,24310
hsa-miR-5584-3p,24311
hsa-miR-5587-5p,24338
hsa-miR-5590-5p,24310
hsa-miR-562,26159
hsa-miR-563,26189
hsa-miR-568,26162
hsa-miR-5681a,24302
hsa-miR-5681b,24304
hsa-miR-5683,24310
hsa-miR-5692a,24309
hsa-miR-5692b,24257
hsa-miR-5692c,24311
hsa-miR-570-5p,354
hsa-miR-5705,24310
hsa-miR-5706,24310
hsa-miR-572,26195
hsa-miR-573,26161
hsa-miR-578,26165
hsa-miR-580,622
hsa-miR-581,26108
hsa-miR-585,622
hsa-miR-586,26097
hsa-miR-588,26102
hsa-miR-591,26164
hsa-miR-593-3p,25605
hsa-miR-599,26164
hsa-miR-605,654
hsa-miR-6068,24270
hsa-miR-607,26156
hsa-miR-6070,24233
hsa-miR-6071,24263
hsa-miR-6073,24264
hsa-miR-6078,24237
hsa-miR-611,26105
hsa-miR-614,26190
hsa-miR-616-5p,25549
hsa-miR-619,622
hsa-miR-621,26107
hsa-miR-624-3p,25602
hsa-miR-630,26196
hsa-miR-632,26106
hsa-miR-643,26155
hsa-miR-648,26188
hsa-miR-6502-3p,24235
hsa-miR-6504-5p,24236
hsa-miR-6506-5p,24238
hsa-miR-6507-3p,24267
hsa-miR-6507-5p,24237
hsa-miR-6508-3p,24237
hsa-miR-656,622
hsa-miR-6719-3p,24237
hsa-miR-759,25706
hsa-miR-802,26158
hsa-miR-875-5p,26037
hsa-miR-892c-3p,24240
hsa-miR-922,26164
hsa-miR-942,622
hsa-miR-944,26163
hsa-miR-96-3p,26262
hsa-let-7a*,488
hsa-let-7b*,488
hsa-let-7c*_v16.0,330
hsa-let-7d*,488
hsa-let-7e*,488
hsa-let-7f-1*,488
hsa-let-7f-2*,488
hsa-let-7g*,488
hsa-let-7i,565
hsa-let-7i*,488
hsa-miR-100*,488
hsa-miR-101*,488
hsa-miR-103a,338
hsa-miR-105*,488
hsa-miR-106a*,488
hsa-miR-106b*,488
hsa-miR-10a*,488
hsa-miR-10b*,488
hsa-miR-1178,552
hsa-miR-1185,472
hsa-miR-1201_v15.0,330
hsa-miR-122*,488
hsa-miR-1226,559
hsa-miR-1226*,488
hsa-miR-1227,568
hsa-miR-1228,559
hsa-miR-1228*,488
hsa-miR-1229,568
hsa-miR-1233,512
hsa-miR-1234,568
hsa-miR-1236,568
hsa-miR-1237,568
hsa-miR-1238,568
hsa-miR-124*,488
hsa-miR-1245,543
hsa-miR-1247,543
hsa-miR-1255b,472
hsa-miR-1259_v15.0,330
hsa-miR-125b-1*,488
hsa-miR-125b-2*,488
hsa-miR-126*,488
hsa-miR-1260,543
hsa-miR-1268,543
hsa-miR-1269,543
hsa-miR-1271,543
hsa-miR-1273,543
hsa-miR-1274a_v16.0,330
hsa-miR-1274b_v16.0,330
hsa-miR-1277,543
hsa-miR-1280,552
hsa-miR-1285,472
hsa-miR-129*,488
hsa-miR-1292,552
hsa-miR-1295,543
hsa-miR-1300_v13.0,346
hsa-miR-1304,543
hsa-miR-1306,543
hsa-miR-1307,543
hsa-miR-1308_v15.0,330
hsa-miR-130a*,488
hsa-miR-130b*,488
hsa-miR-132*,488
hsa-miR-135a*,488
hsa-miR-135b*,488
hsa-miR-136*,488
hsa-miR-138-1*,488
hsa-miR-138-2*,488
hsa-miR-141*,488
hsa-miR-143*,488
hsa-miR-144,559
hsa-miR-144*,488
hsa-miR-145*,488
hsa-miR-146a*,488
hsa-miR-148a*,488
hsa-miR-148b*,488
hsa-miR-149*,488
hsa-miR-150*,488
hsa-miR-151-3p,488
hsa-miR-151-5p,488
hsa-miR-154*,488
hsa-miR-155*,488
hsa-miR-15a*,488
hsa-miR-15b*,488
hsa-miR-16-1*,488
hsa-miR-16-2*,488
hsa-miR-17*,488
hsa-miR-181a*,488
hsa-miR-181a-2*,488
hsa-miR-181b,488
hsa-miR-181c*,488
hsa-miR-182*,488
hsa-miR-1826_v15.0,330
hsa-miR-183*,488
hsa-miR-185*,488
hsa-miR-186*,488
hsa-miR-187*,488
hsa-miR-18a*,488
hsa-miR-18b*,488
hsa-miR-1909,528
hsa-miR-1909*,472
hsa-miR-191*,488
hsa-miR-1911,528
hsa-miR-1911*,472
hsa-miR-1914,528
hsa-miR-1914*,472
hsa-miR-1915,528
hsa-miR-1915*,472
hsa-miR-192*,488
hsa-miR-193b*,488
hsa-miR-194*,488
hsa-miR-195*,488
hsa-miR-196a,488
hsa-miR-196a*,488
hsa-miR-19a*,488
hsa-miR-19b-1*,488
hsa-miR-19b-2*,488
hsa-miR-200a*,488
hsa-miR-200b*,488
hsa-miR-200c*,488
hsa-miR-202*,488
hsa-miR-20a*,488
hsa-miR-20b*,488
hsa-miR-21*,488
hsa-miR-214*,488
hsa-miR-218-1*,488
hsa-miR-218-2*,488
hsa-miR-22*,488
hsa-miR-220a_v15.0,330
hsa-miR-220b_v15.0,330
hsa-miR-220c_v15.0,330
hsa-miR-221*,488
hsa-miR-222*,488
hsa-miR-223*,488
hsa-miR-23a*,488
hsa-miR-23b*,488
hsa-miR-24-1*,488
hsa-miR-24-2*,488
hsa-miR-25*,488
hsa-miR-26a-1*,488
hsa-miR-26a-2*,488
hsa-miR-26b*,488
hsa-miR-27a*,488
hsa-miR-27b*,488
hsa-miR-29a*,488
hsa-miR-29b-1*,488
hsa-miR-29b-2*,488
hsa-miR-29c*,488
hsa-miR-302a*,488
hsa-miR-302b*,488
hsa-miR-302c*,488
hsa-miR-302d,559
hsa-miR-302d*,488
hsa-miR-30a,559
hsa-miR-30a*,488
hsa-miR-30b*,488
hsa-miR-30c-1*,488
hsa-miR-30c-2*,488
hsa-miR-30d,559
hsa-miR-30d*,488
hsa-miR-30e,559
hsa-miR-30e*,488
hsa-miR-31*,488
hsa-miR-32*,488
hsa-miR-323-5p,488
hsa-miR-335*,488
hsa-miR-33a,559
hsa-miR-33a*,488
hsa-miR-33b*,488
hsa-miR-340*,488
hsa-miR-34a*,488
hsa-miR-34b,559
hsa-miR-34b*,488
hsa-miR-363*,488
hsa-miR-367*,488
hsa-miR-371-5p,488
hsa-miR-373*,488
hsa-miR-374a*,488
hsa-miR-374b*,488
hsa-miR-376a*,488
hsa-miR-377*,488
hsa-miR-378,559
hsa-miR-378*,488
hsa-miR-379*,488
hsa-miR-380*,488
hsa-miR-411*,488
hsa-miR-424*,488
hsa-miR-425*,488
hsa-miR-431*,488
hsa-miR-432,559
hsa-miR-432*,488
hsa-miR-452*,488
hsa-miR-454*,488
hsa-miR-488*,488
hsa-miR-493*,488
hsa-miR-497,559
hsa-miR-497*,488
hsa-miR-500a,394
hsa-miR-500a*,338
hsa-miR-505*,488
hsa-miR-513c,559
hsa-miR-514,488
hsa-miR-517*,488
hsa-miR-518c*,488
hsa-miR-518e*,480
hsa-miR-518f*,488
hsa-miR-519e*,488
hsa-miR-526b*,488
hsa-miR-541*,488
hsa-miR-545*,488
hsa-miR-548g,543
hsa-miR-548h,472
hsa-miR-548o,543
hsa-miR-549,568
hsa-miR-550a,338
hsa-miR-550a*,338
hsa-miR-551b*,488
hsa-miR-584,559
hsa-miR-589*,488
hsa-miR-593,559
hsa-miR-593*,488
hsa-miR-616*,488
hsa-miR-624*,488
hsa-miR-625*,488
hsa-miR-629*,488
hsa-miR-642a,394
hsa-miR-644,559
hsa-miR-659,559
hsa-miR-663,559
hsa-miR-664,543
hsa-miR-664*,472
hsa-miR-675,559
hsa-miR-675*,454
hsa-miR-7,488
hsa-miR-7-1*,488
hsa-miR-7-2*,488
hsa-miR-708*,488
hsa-miR-720,552
hsa-miR-744*,488
hsa-miR-766,559
hsa-miR-877,559
hsa-miR-877*,488
hsa-miR-886-3p_v15.0,330
hsa-miR-886-5p_v15.0,330
hsa-miR-888*,488
hsa-miR-9*,488
hsa-miR-923_v12.0,346
hsa-miR-92a-1*,488
hsa-miR-92a-2*,488
hsa-miR-92b,559
hsa-miR-92b*,488
hsa-miR-93*,488
hsa-miR-937,568
hsa-miR-939,568
hsa-miR-96*,488
hsa-miR-99a*,488
hsa-miR-99b*,488
hsa-miR-122b-5p,23571
hsa-miR-1250-5p,25434
hsa-miR-1288-3p,25437
hsa-miR-137-3p,24812
hsa-miR-147b-3p,24599
hsa-miR-152-5p,24868
hsa-miR-153-5p,24798
hsa-miR-1537-3p,25437
hsa-miR-1537-5p,24085
hsa-miR-181d-3p,24152
hsa-miR-190a-3p,24142
hsa-miR-190b-5p,24811
hsa-miR-203a-5p,17329
hsa-miR-208b-3p,25438
hsa-miR-215-3p,24799
hsa-miR-216b-5p,25438
hsa-miR-217-5p,24809
hsa-miR-219a-5p,25437
hsa-miR-320a-3p,24599
hsa-miR-370-3p,25438
hsa-miR-372-3p,25435
hsa-miR-375-3p,24809
hsa-miR-410-3p,25437
hsa-miR-410-5p,24093
hsa-miR-433-3p,25433
hsa-miR-4433a-3p,18250
hsa-miR-4433a-5p,18242
hsa-miR-4433b-3p,24086
hsa-miR-4433b-5p,23986
hsa-miR-4520-2-3p,18248
hsa-miR-4520-3p,18250
hsa-miR-487a-3p,25437
hsa-miR-487a-5p,24093
hsa-miR-487b-3p,25437
hsa-miR-487b-5p,24143
hsa-miR-500b-5p,25333
hsa-miR-504-3p,24144
hsa-miR-511-5p,25435
hsa-miR-513b-5p,25439
hsa-miR-5189-3p,24084
hsa-miR-5189-5p,24141
hsa-miR-519d-3p,25438
hsa-miR-520f-3p,25228
hsa-miR-520f-5p,24084
hsa-miR-548ae-3p,18250
hsa-miR-548bb-5p,17272
hsa-miR-548f-3p,25379
hsa-miR-548j-3p,24143
hsa-miR-552-5p,24087
hsa-miR-605-3p,24085
hsa-miR-6516-5p,24083
hsa-miR-655-3p,25436
hsa-miR-656-3p,25435
hsa-miR-668-3p,25380
hsa-miR-6727-5p,24087
hsa-miR-6730-3p,24087
hsa-miR-6733-5p,24086
hsa-miR-6738-5p,24085
hsa-miR-6749-3p,24084
hsa-miR-6750-5p,24087
hsa-miR-6757-5p,24085
hsa-miR-6770-5p,24086
hsa-miR-6774-5p,24084
hsa-miR-6775-3p,24086
hsa-miR-6779-5p,24086
hsa-miR-6780a-3p,24086
hsa-miR-6780b-5p,24084
hsa-miR-6781-5p,24083
hsa-miR-6785-5p,24085
hsa-miR-6787-5p,24086
hsa-miR-6813-5p,24086
hsa-miR-6815-5p,24087
hsa-miR-6816-3p,24086
hsa-miR-6818-5p,24087
hsa-miR-6819-5p,24084
hsa-miR-6820-5p,24086
hsa-miR-6837-5p,24086
hsa-miR-6838-5p,24085
hsa-miR-6842-5p,24086
hsa-miR-6851-5p,24086
hsa-miR-6853-3p,24086
hsa-miR-6858-3p,24085
hsa-miR-6859-3p,24086
hsa-miR-6861-5p,24087
hsa-miR-6865-5p,24084
hsa-miR-6866-3p,24085
hsa-miR-6868-3p,24084
hsa-miR-6876-3p,24086
hsa-miR-6876-5p,24086
hsa-miR-6877-5p,24083
hsa-miR-6881-3p,24086
hsa-miR-6884-5p,24084
hsa-miR-7110-5p,24087
hsa-miR-7151-3p,24081
hsa-miR-7155-3p,24085
hsa-miR-7702,24086
hsa-miR-7843-3p,24086
hsa-miR-7848-3p,24082
hsa-miR-7849-3p,24084
hsa-miR-7853-5p,24086
hsa-miR-7854-3p,24085
hsa-miR-7855-5p,24086
hsa-miR-7975,24087
hsa-miR-7977,24078
hsa-miR-8058,24083
hsa-miR-8072,24087
hsa-miR-942-3p,24141
hsa-miR-95-5p,24809
hsa-miR-383-5p,25436
hsa-miR-412-3p,25438
hsa-miR-510-5p,25439
hsa-miR-1180-5p,24083
hsa-miR-1199-3p,24086
hsa-miR-1199-5p,24083
hsa-miR-1233-5p,24087
hsa-miR-1250-3p,24086
hsa-miR-1251-3p,24094
hsa-miR-1251-5p,25382
hsa-miR-1252-3p,24087
hsa-miR-1252-5p,25437
hsa-miR-1266-3p,24086
hsa-miR-128-2-5p,24142
hsa-miR-1288-5p,24086
hsa-miR-1296-3p,24143
hsa-miR-1298-3p,24085
hsa-miR-1301-5p,24085
hsa-miR-134-3p,24867
hsa-miR-1343-5p,24086
hsa-miR-1468-3p,24083
hsa-miR-208a-5p,24809
hsa-miR-208b-5p,24144
hsa-miR-210-5p,24856
hsa-miR-219b-3p,24200
hsa-miR-2276-5p,24083
hsa-miR-3151-3p,24082
hsa-miR-3151-5p,25435
hsa-miR-3192-3p,24085
hsa-miR-328-5p,24151
hsa-miR-329-5p,24138
hsa-miR-370-5p,24153
hsa-miR-372-5p,24090
hsa-miR-3912-5p,24084
hsa-miR-433-5p,24151
hsa-miR-489-5p,24084
hsa-miR-494-5p,24145
hsa-miR-500b-3p,24087
hsa-miR-5088-3p,24086
hsa-miR-510-3p,24141
hsa-miR-511-3p,24087
hsa-miR-513b-3p,24085
hsa-miR-520g-5p,24087
hsa-miR-548ba,24084
hsa-miR-548f-5p,24087
hsa-miR-552-3p,25435
hsa-miR-580-5p,24084
hsa-miR-585-3p,25434
hsa-miR-598-5p,24085
hsa-miR-605-5p,25439
hsa-miR-619-3p,25438
hsa-miR-655-5p,24084
hsa-miR-656-5p,24083
hsa-miR-668-5p,24086
hsa-miR-670-3p,24087
hsa-miR-670-5p,25382
hsa-miR-6726-3p,24085
hsa-miR-6726-5p,24086
hsa-miR-6727-3p,24084
hsa-miR-6728-3p,24086
hsa-miR-6731-3p,24084
hsa-miR-6732-5p,24086
hsa-miR-6733-3p,24081
hsa-miR-6734-3p,24086
hsa-miR-6735-3p,24087
hsa-miR-6736-3p,24084
hsa-miR-6737-5p,24087
hsa-miR-6738-3p,24086
hsa-miR-6739-3p,24086
hsa-miR-6739-5p,24085
hsa-miR-6740-3p,24086
hsa-miR-6742-3p,24086
hsa-miR-6742-5p,24082
hsa-miR-6743-5p,24086
hsa-miR-6744-5p,24085
hsa-miR-6746-3p,24085
hsa-miR-6747-5p,24085
hsa-miR-6748-3p,24087
hsa-miR-6749-5p,24085
hsa-miR-6750-3p,24086
hsa-miR-6751-3p,24086
hsa-miR-6752-3p,24086
hsa-miR-6753-3p,24086
hsa-miR-6753-5p,24087
hsa-miR-6754-3p,24087
hsa-miR-6754-5p,24083
hsa-miR-6755-3p,24083
hsa-miR-6755-5p,24084
hsa-miR-6756-5p,24087
hsa-miR-6757-3p,24086
hsa-miR-6758-3p,24083
hsa-miR-6758-5p,24084
hsa-miR-6759-3p,24085
hsa-miR-6760-5p,24087
hsa-miR-6761-3p,24086
hsa-miR-6761-5p,24087
hsa-miR-6762-3p,24085
hsa-miR-6762-5p,24083
hsa-miR-6763-3p,24087
hsa-miR-6766-3p,24084
hsa-miR-6766-5p,24084
hsa-miR-6767-3p,24085
hsa-miR-6768-3p,24086
hsa-miR-6768-5p,24087
hsa-miR-6769a-3p,24087
hsa-miR-6769b-3p,24086
hsa-miR-6769b-5p,24085
hsa-miR-6771-3p,24087
hsa-miR-6771-5p,24085
hsa-miR-6772-5p,24084
hsa-miR-6773-3p,24086
hsa-miR-6773-5p,24086
hsa-miR-6774-3p,24084
hsa-miR-6775-5p,24086
hsa-miR-6778-3p,24086
hsa-miR-6778-5p,24085
hsa-miR-6779-3p,24086
hsa-miR-6780b-3p,24083
hsa-miR-6782-5p,24086
hsa-miR-6784-3p,24084
hsa-miR-6784-5p,24087
hsa-miR-6786-3p,24086
hsa-miR-6786-5p,24087
hsa-miR-6788-3p,24086
hsa-miR-6788-5p,24086
hsa-miR-6790-3p,24085
hsa-miR-6791-3p,24086
hsa-miR-6792-3p,24085
hsa-miR-6792-5p,24087
hsa-miR-6793-3p,24086
hsa-miR-6794-3p,24087
hsa-miR-6795-3p,24086
hsa-miR-6795-5p,24086
hsa-miR-6796-3p,24085
hsa-miR-6797-3p,24086
hsa-miR-6798-3p,24082
hsa-miR-6798-5p,24083
hsa-miR-6800-3p,24086
hsa-miR-6801-3p,24086
hsa-miR-6802-3p,24087
hsa-miR-6803-5p,24087
hsa-miR-6804-3p,24085
hsa-miR-6804-5p,24087
hsa-miR-6805-3p,23988
hsa-miR-6806-3p,24087
hsa-miR-6806-5p,24086
hsa-miR-6807-3p,24083
hsa-miR-6808-5p,24085
hsa-miR-6809-3p,24086
hsa-miR-6810-3p,24085
hsa-miR-6811-3p,24087
hsa-miR-6811-5p,24087
hsa-miR-6812-3p,24084
hsa-miR-6813-3p,24086
hsa-miR-6814-3p,24086
hsa-miR-6814-5p,24084
hsa-miR-6815-3p,24085
hsa-miR-6816-5p,24085
hsa-miR-6817-3p,24087
hsa-miR-6817-5p,24086
hsa-miR-6818-3p,24087
hsa-miR-6819-3p,24087
hsa-miR-6821-3p,24085
hsa-miR-6822-3p,24083
hsa-miR-6822-5p,24084
hsa-miR-6823-5p,24086
hsa-miR-6824-3p,24086
hsa-miR-6824-5p,24087
hsa-miR-6825-3p,24085
hsa-miR-6825-5p,24087
hsa-miR-6827-3p,24086
hsa-miR-6827-5p,24086
hsa-miR-6828-3p,24086
hsa-miR-6828-5p,24085
hsa-miR-6829-3p,24082
hsa-miR-6829-5p,24084
hsa-miR-6831-3p,24085
hsa-miR-6832-3p,24084
hsa-miR-6833-3p,24086
hsa-miR-6834-3p,24086
hsa-miR-6835-3p,24085
hsa-miR-6835-5p,24085
hsa-miR-6836-5p,24085
hsa-miR-6838-3p,24082
hsa-miR-6839-3p,24083
hsa-miR-6840-5p,24086
hsa-miR-6841-3p,24087
hsa-miR-6841-5p,24086
hsa-miR-6843-3p,24087
hsa-miR-6844,24079
hsa-miR-6845-3p,24087
hsa-miR-6845-5p,24084
hsa-miR-6846-3p,24085
hsa-miR-6846-5p,24087
hsa-miR-6847-3p,24085
hsa-miR-6848-3p,24087
hsa-miR-6848-5p,24087
hsa-miR-6849-3p,24086
hsa-miR-6850-3p,24084
hsa-miR-6851-3p,24086
hsa-miR-6853-5p,24084
hsa-miR-6854-3p,24083
hsa-miR-6854-5p,24086
hsa-miR-6855-5p,24087
hsa-miR-6856-3p,24082
hsa-miR-6856-5p,24087
hsa-miR-6860,24083
hsa-miR-6861-3p,24087
hsa-miR-6863,24078
hsa-miR-6864-3p,24084
hsa-miR-6864-5p,24087
hsa-miR-6865-3p,24086
hsa-miR-6867-3p,24087
hsa-miR-6868-5p,24086
hsa-miR-6869-3p,24084
hsa-miR-6870-3p,24083
hsa-miR-6870-5p,24085
hsa-miR-6871-3p,24083
hsa-miR-6872-3p,24086
hsa-miR-6872-5p,24084
hsa-miR-6873-5p,24085
hsa-miR-6874-3p,24087
hsa-miR-6874-5p,24086
hsa-miR-6875-3p,24086
hsa-miR-6877-3p,24085
hsa-miR-6878-5p,24086
hsa-miR-6879-3p,24086
hsa-miR-6880-3p,24087
hsa-miR-6882-3p,24085
hsa-miR-6883-5p,24087
hsa-miR-6885-3p,24086
hsa-miR-6885-5p,24084
hsa-miR-6887-5p,24084
hsa-miR-6888-5p,24083
hsa-miR-6889-3p,24086
hsa-miR-6890-3p,24085
hsa-miR-6890-5p,24085
hsa-miR-6891-3p,24087
hsa-miR-6892-3p,24081
hsa-miR-6893-3p,24082
hsa-miR-6893-5p,24087
hsa-miR-6895-3p,24085
hsa-miR-6895-5p,24087
hsa-miR-7106-3p,24085
hsa-miR-7106-5p,24084
hsa-miR-7107-3p,24085
hsa-miR-7108-3p,24085
hsa-miR-7109-3p,24085
hsa-miR-7109-5p,24087
hsa-miR-7111-5p,24087
hsa-miR-7112-3p,24083
hsa-miR-7112-5p,24084
hsa-miR-7113-3p,24086
hsa-miR-7114-3p,24087
hsa-miR-7114-5p,24087
hsa-miR-7150,24080
hsa-miR-7151-5p,24080
hsa-miR-7152-3p,24084
hsa-miR-7152-5p,24085
hsa-miR-7153-3p,24086
hsa-miR-7153-5p,24085
hsa-miR-7154-3p,24086
hsa-miR-7154-5p,24084
hsa-miR-7155-5p,24085
hsa-miR-7156-3p,24087
hsa-miR-7157-3p,24086
hsa-miR-7157-5p,24085
hsa-miR-7158-3p,24084
hsa-miR-7158-5p,24086
hsa-miR-7159-3p,24083
hsa-miR-7159-5p,24087
hsa-miR-7160-3p,24087
hsa-miR-7160-5p,24087
hsa-miR-7161-3p,24086
hsa-miR-7161-5p,24086
hsa-miR-7162-3p,24084
hsa-miR-7162-5p,24082
hsa-miR-7515,24086
hsa-miR-7703,24081
hsa-miR-7843-5p,24087
hsa-miR-7845-5p,24087
hsa-miR-7846-3p,24082
hsa-miR-7852-3p,24085
hsa-miR-7856-5p,24087
hsa-miR-7973,24086
hsa-miR-7974,24081
hsa-miR-7978,24085
hsa-miR-8052,24082
hsa-miR-8054,24086
hsa-miR-8055,24085
hsa-miR-8056,24080
hsa-miR-8057,24086
hsa-miR-8059,24080
hsa-miR-8060,24079
hsa-miR-8061,24080
hsa-miR-8062,24085
hsa-miR-8063,24081
hsa-miR-8064,24081
hsa-miR-8065,24079
hsa-miR-8067,24087
hsa-miR-8068,24085
hsa-miR-8069,24086
hsa-miR-8070,24085
hsa-miR-8071,24086
hsa-miR-8073,24086
hsa-miR-8074,24082
hsa-miR-8075,24078
hsa-miR-8076,24076
hsa-miR-8077,24087
hsa-miR-8079,24085
hsa-miR-8080,24081
hsa-miR-8081,24085
hsa-miR-8082,24087
hsa-miR-8083,24077
hsa-miR-8084,24076
hsa-miR-8085,24079
hsa-miR-8086,24086
hsa-miR-8087,24085
hsa-miR-8088,24082
hsa-miR-887-5p,24142
hsa-miR-889-5p,24083
hsa-miR-891a-3p,24085
hsa-miR-1-5p,17338
hsa-miR-122b-3p,23574
hsa-miR-1249-5p,17329
hsa-miR-1912-3p,24810
hsa-miR-4485-5p,17272
hsa-miR-4520-5p,17637
hsa-miR-498-5p,24810
hsa-miR-520b-3p,24771
hsa-miR-520e-3p,24811
hsa-miR-548ad-3p,18307
hsa-miR-548bb-3p,17272
hsa-miR-549a-3p,24811
hsa-miR-9500,17272
hsa-let-7c*,150
hsa-miR-103-as,134
hsa-miR-1201,149
hsa-miR-1259,149
hsa-miR-1274a,149
hsa-miR-1274b,149
hsa-miR-1300,33
hsa-miR-1308,149
hsa-miR-1826,149
hsa-miR-220a,165
hsa-miR-500*,150
hsa-miR-550,150
hsa-miR-550*,150
hsa-miR-675b,18
hsa-miR-923,33
hsa-miR-526a-5p,997
hsa-miR-199a-3p/hsa-miR-199b-3p,680
hsa-miR-365a-3p/hsa-miR-365b-3p,680
hsa-miR-3689a-5p/hsa-miR-3689b-5p/hsa-miR-3689e,623
hsa-miR-3689b-3p/hsa-miR-3689c,623
hsa-miR-516b-3p/hsa-miR-516a-3p,611
hsa-miR-517a-3p/hsa-miR-517b-3p,623
hsa-miR-519c-5p/hsa-miR-523-5p/hsa-miR-518e-5p/hsa-miR-522-5p/hsa-miR-519a-5p/hsa-miR-519b-5p,611
hsa-miR-526a/hsa-miR-520c-5p/hsa-miR-518d-5p,611
hsa-miR-527/hsa-miR-518a-5p,611
hsa-miR-548aa/hsa-miR-548t-3p,680
hsa-miR-548ai/hsa-miR-570-5p,680
hsa-miR-548c-5p/hsa-miR-548o-5p/hsa-miR-548am-5p,668
hsa-miR-548g-5p/hsa-miR-548x-5p/hsa-miR-548aj-5p,611
hsa-miR-548z/hsa-miR-548h-3p,668
hsa-miR-127,71
hsa-miR-146b,71
hsa-miR-28,71
hsa-miR-331,71
hsa-miR-361,71
hsa-miR-532,71
hsa-miR-103b-1,56
hsa-miR-1184-1,56
hsa-miR-1244-1,56
hsa-miR-1283-1,71
hsa-miR-1289-1,71
hsa-miR-1302-1,71
hsa-miR-1972-1,56
hsa-miR-3116-1,56
hsa-miR-3118-1,56
hsa-miR-3119-1,56
hsa-miR-3179-1,56
hsa-miR-3180-1,56
hsa-miR-3180-4,56
hsa-miR-3198-1,56
hsa-miR-3199-1,56
hsa-miR-3202-1,56
hsa-miR-320b-1,71
hsa-miR-320c-1,71
hsa-miR-320d-1,71
hsa-miR-3689d-1,56
hsa-miR-378d-1,56
hsa-miR-3910-1,56
hsa-miR-3914-1,56
hsa-miR-3926-1,56
hsa-miR-4283-1,56
hsa-miR-4315-1,56
hsa-miR-4435-1,56
hsa-miR-4472-1,56
hsa-miR-4509-1,56
hsa-miR-4679-1,56
hsa-miR-4771-1,56
hsa-miR-4773-1,56
hsa-miR-521-1,56
hsa-miR-521-2,15
hsa-miR-526a-1,71
hsa-miR-548aa-1,56
hsa-miR-548ag-1,56
hsa-miR-548i-1,71
hsa-miR-941-1,71
hsa-let-7a-2*,8
hsa-miR-103-2*,100
hsa-miR-196b*,108
hsa-miR-1975,100
hsa-miR-1979,100
hsa-miR-205*,108
hsa-miR-2114,164
hsa-miR-2114*,108
hsa-miR-2115,164
hsa-miR-2115*,108
hsa-miR-2116,164
hsa-miR-2116*,108
hsa-miR-224*,108
hsa-miR-2277,156
hsa-miR-2355,56
hsa-miR-3074,56
hsa-miR-3117,56
hsa-miR-3120,56
hsa-miR-3121,56
hsa-miR-3124,56
hsa-miR-3127,56
hsa-miR-3129,56
hsa-miR-3135,64
hsa-miR-3136,56
hsa-miR-3140,56
hsa-miR-3145,56
hsa-miR-3152,56
hsa-miR-3155,64
hsa-miR-3157,56
hsa-miR-3162,56
hsa-miR-3173,56
hsa-miR-3177,56
hsa-miR-3184,64
hsa-miR-3187,56
hsa-miR-3189,56
hsa-miR-3191,64
hsa-miR-3194,56
hsa-miR-3200,56
hsa-miR-365*,108
hsa-miR-449b*,108
hsa-miR-449c,164
hsa-miR-449c*,108
hsa-miR-548t,64
hsa-miR-548x,64
hsa-miR-1268a/hsa-miR-1268b,12
hsa-miR-151a-5p/hsa-miR-151b,12
hsa-miR-3155a/hsa-miR-3155b,12
hsa-miR-3180/hsa-miR-3180-3p,12
hsa-miR-376b-5p/hsa-miR-376c-5p,9
hsa-miR-500a-5p/hsa-miR-500b-5p,9
hsa-miR-516a-3p/hsa-miR-516b-3p,69
hsa-miR-518a-5p/hsa-miR-527,12
hsa-miR-518d-5p/hsa-miR-520c-5p/hsa-miR-526a,12
hsa-miR-518e-5p/hsa-miR-519a-5p/hsa-miR-519b-5p/hsa-miR-519c-5p/hsa-miR-522-5p/hsa-miR-523-5p,12
hsa-miR-520b/hsa-miR-520c-3p,12
hsa-miR-520g-3p/hsa-miR-520h,9
hsa-miR-548aa/hsa-miR-548ap-3p/hsa-miR-548t-3p,12
hsa-miR-548ah-3p/hsa-miR-548av-3p/hsa-miR-548o-3p,12
hsa-miR-548aj-5p/hsa-miR-548g-5p/hsa-miR-548x-5p,12
hsa-miR-548am-5p/hsa-miR-548au-5p/hsa-miR-548c-5p/hsa-miR-548o-5p,12
hsa-miR-548am-5p/hsa-miR-548c-5p/hsa-miR-548o-5p,12
hsa-miR-548ap-5p/hsa-miR-548j-5p,9
hsa-miR-548av-5p/hsa-miR-548k,12
hsa-miR-548h-3p/hsa-miR-548z,12
hsa-miR-550a-3-5p/hsa-miR-550a-5p,12
hsa-miR-5692b/hsa-miR-5692c,12
hsa-miRplus-a1015,17
hsa-miRplus-a1025,17
hsa-miRplus-a1031,17
hsa-miRplus-a1072,17
hsa-miRplus-a1073,17
hsa-miRplus-a1083,17
hsa-miRplus-a1086,17
hsa-miRplus-a1087,17
hsa-miRplus-b1114,17
hsa-miRplus-c1066,17
hsa-miRplus-c1076,17
hsa-miRplus-c1100,17
hsa-miRplus-c1110,17
hsa-miRplus-d1058,17
hsa-miRplus-g1065-5p,17
hsa-miRplus-g1246-3p,17
hsa-miRplus-j1005,17
hsa-miRplus-k1303*,12
hsa-let-7a-1,62
hsa-let-7a-2,77
hsa-let-7f-1,77
hsa-let-7f-2,62
hsa-miR-1-1,56
hsa-miR-101-1,71
hsa-miR-103a-1,56
hsa-miR-103a-2,56
hsa-miR-105-1,71
hsa-miR-1185-1,71
hsa-miR-1207,71
hsa-miR-1224,71
hsa-miR-1225,71
hsa-miR-1233-1,56
hsa-miR-124-1,56
hsa-miR-1245b,56
hsa-miR-1255b-1,56
hsa-miR-125a,71
hsa-miR-125b-1,71
hsa-miR-125b-2,56
hsa-miR-1270-1,56
hsa-miR-1273g,64
hsa-miR-128-1,71
hsa-miR-1285-1,56
hsa-miR-129-1,56
hsa-miR-129-2,71
hsa-miR-133a-1,71
hsa-miR-135a-1,56
hsa-miR-138-1,56
hsa-miR-138-2,71
hsa-miR-139,71
hsa-miR-140,71
hsa-miR-142,71
hsa-miR-151,71
hsa-miR-153-1,71
hsa-miR-16-1,71
hsa-miR-16-2,56
hsa-miR-181a-1,71
hsa-miR-181a-2,56
hsa-miR-181b-1,71
hsa-miR-188,71
hsa-miR-193a,71
hsa-miR-194-1,56
hsa-miR-194-2,71
hsa-miR-196a-1,56
hsa-miR-196a-2,71
hsa-miR-199a-1,71
hsa-miR-199b,71
hsa-miR-19b-1,71
hsa-miR-19b-2,56
hsa-miR-218-1,71
hsa-miR-218-2,56
hsa-miR-219-1,71
hsa-miR-219-2,71
hsa-miR-24-1,56
hsa-miR-24-2,71
hsa-miR-2467,56
hsa-miR-2681,64
hsa-miR-2682,64
hsa-miR-26a-1,56
hsa-miR-26a-2,71
hsa-miR-296,71
hsa-miR-2964a,56
hsa-miR-299,71
hsa-miR-29b-1,56
hsa-miR-29b-2,71
hsa-miR-3064,56
hsa-miR-3065,56
hsa-miR-30c-1,71
hsa-miR-30c-2,56
hsa-miR-3126,56
hsa-miR-3130-1,56
hsa-miR-3144,56
hsa-miR-3150a,56
hsa-miR-3150b,56
hsa-miR-3156-1,56
hsa-miR-3158-1,56
hsa-miR-3160-1,56
hsa-miR-3186,56
hsa-miR-3190,64
hsa-miR-323,71
hsa-miR-323b,56
hsa-miR-324,71
hsa-miR-329-1,71
hsa-miR-330,71
hsa-miR-337,71
hsa-miR-338,71
hsa-miR-339,71
hsa-miR-342,71
hsa-miR-34c,71
hsa-miR-3529,64
hsa-miR-3545,56
hsa-miR-3591,56
hsa-miR-3605,56
hsa-miR-3606,73
hsa-miR-3607,56
hsa-miR-3613,56
hsa-miR-3614,56
hsa-miR-3616,56
hsa-miR-3617,73
hsa-miR-3619,56
hsa-miR-362,71
hsa-miR-3620,73
hsa-miR-3622a,56
hsa-miR-3622b,56
hsa-miR-3647,56
hsa-miR-365-1,71
hsa-miR-365-2,56
hsa-miR-3663,56
hsa-miR-3664,56
hsa-miR-3667,56
hsa-miR-3675,56
hsa-miR-3676,64
hsa-miR-3677,56
hsa-miR-3678,56
hsa-miR-3679,56
hsa-miR-3680,64
hsa-miR-3681,64
hsa-miR-3682,56
hsa-miR-3688-1,56
hsa-miR-3689a,56
hsa-miR-3689b,56
hsa-miR-369,71
hsa-miR-3691,56
hsa-miR-3692,64
hsa-miR-371,71
hsa-miR-371b,56
hsa-miR-374c,64
hsa-miR-376a-1,56
hsa-miR-3913-1,56
hsa-miR-3922,56
hsa-miR-3925,56
hsa-miR-3927,73
hsa-miR-3934,73
hsa-miR-3940,56
hsa-miR-3942,56
hsa-miR-3944,56
hsa-miR-409,71
hsa-miR-423,71
hsa-miR-4423,56
hsa-miR-4433,64
hsa-miR-4436b,56
hsa-miR-4445,64
hsa-miR-4446,56
hsa-miR-4474,56
hsa-miR-4482,64
hsa-miR-450a-1,71
hsa-miR-450b,71
hsa-miR-4520a,56
hsa-miR-4520b,56
hsa-miR-4524,64
hsa-miR-4529,56
hsa-miR-4536,64
hsa-miR-455,71
hsa-miR-4632,73
hsa-miR-4633,56
hsa-miR-4638,56
hsa-miR-4639,56
hsa-miR-4640,56
hsa-miR-4645,56
hsa-miR-4646,56
hsa-miR-4649,56
hsa-miR-4650-1,56
hsa-miR-4652,56
hsa-miR-4653,56
hsa-miR-4655,56
hsa-miR-4659a,56
hsa-miR-4659b,56
hsa-miR-4661,56
hsa-miR-4662a,56
hsa-miR-4664,56
hsa-miR-4665,56
hsa-miR-4666,56
hsa-miR-4667,56
hsa-miR-4668,56
hsa-miR-4670,56
hsa-miR-4671,56
hsa-miR-4676,56
hsa-miR-4677,56
hsa-miR-4680,56
hsa-miR-4684,56
hsa-miR-4685,56
hsa-miR-4687,56
hsa-miR-4690,56
hsa-miR-4691,56
hsa-miR-4693,56
hsa-miR-4694,56
hsa-miR-4695,56
hsa-miR-4697,56
hsa-miR-4699,56
hsa-miR-4700,56
hsa-miR-4701,56
hsa-miR-4703,56
hsa-miR-4704,56
hsa-miR-4707,56
hsa-miR-4708,56
hsa-miR-4709,56
hsa-miR-4711,56
hsa-miR-4712,56
hsa-miR-4713,56
hsa-miR-4714,56
hsa-miR-4715,56
hsa-miR-4716,56
hsa-miR-4717,56
hsa-miR-4720,56
hsa-miR-4722,56
hsa-miR-4723,56
hsa-miR-4724,56
hsa-miR-4725,56
hsa-miR-4726,56
hsa-miR-4727,56
hsa-miR-4728,56
hsa-miR-4731,56
hsa-miR-4732,56
hsa-miR-4733,56
hsa-miR-4735,56
hsa-miR-4738,56
hsa-miR-4740,56
hsa-miR-4742,56
hsa-miR-4743,73
hsa-miR-4745,56
hsa-miR-4746,56
hsa-miR-4747,56
hsa-miR-4749,56
hsa-miR-4750,73
hsa-miR-4753,56
hsa-miR-4755,56
hsa-miR-4756,56
hsa-miR-4757,56
hsa-miR-4758,56
hsa-miR-4760,56
hsa-miR-4761,56
hsa-miR-4762,56
hsa-miR-4763,56
hsa-miR-4764,56
hsa-miR-4766,56
hsa-miR-4768,56
hsa-miR-4769,56
hsa-miR-4772,56
hsa-miR-4774,56
hsa-miR-4776-1,56
hsa-miR-4777,56
hsa-miR-4778,56
hsa-miR-4781,56
hsa-miR-4782,56
hsa-miR-4783,56
hsa-miR-4786,56
hsa-miR-4787,56
hsa-miR-4789,56
hsa-miR-4790,56
hsa-miR-4793,56
hsa-miR-4795,56
hsa-miR-4796,56
hsa-miR-4797,56
hsa-miR-4798,56
hsa-miR-4799,56
hsa-miR-4800,56
hsa-miR-4802,56
hsa-miR-4804,56
hsa-miR-483,71
hsa-miR-485,71
hsa-miR-486,71
hsa-miR-490,71
hsa-miR-491,71
hsa-miR-499,71
hsa-miR-499a,56
hsa-miR-501,71
hsa-miR-502,71
hsa-miR-508,71
hsa-miR-509-1,56
hsa-miR-509-3,71
hsa-miR-511-1,71
hsa-miR-512-1,71
hsa-miR-513a-1,71
hsa-miR-514-1,71
hsa-miR-514b,56
hsa-miR-515-1,71
hsa-miR-516a-1,71
hsa-miR-516b-1,56
hsa-miR-518a-1,71
hsa-miR-518d,71
hsa-miR-519a-1,71
hsa-miR-519b,71
hsa-miR-519c,71
hsa-miR-520a,71
hsa-miR-520c,71
hsa-miR-520d,71
hsa-miR-524,71
hsa-miR-525,71
hsa-miR-542,71
hsa-miR-548a-1,56
hsa-miR-548a-3,56
hsa-miR-548ae-1,56
hsa-miR-548ah,64
hsa-miR-548aj-1,56
hsa-miR-548am,64
hsa-miR-548b,71
hsa-miR-548c,71
hsa-miR-548d-1,56
hsa-miR-548f-1,71
hsa-miR-548h-1,71
hsa-miR-550a-1,56
hsa-miR-550b-1,56
hsa-miR-556,71
hsa-miR-574,71
hsa-miR-576,71
hsa-miR-582,71
hsa-miR-590,71
hsa-miR-615,71
hsa-miR-628,71
hsa-miR-642b,64
hsa-miR-654,71
hsa-miR-671,71
hsa-miR-676,64
hsa-miR-7-1,56
hsa-miR-7-2,71
hsa-miR-767,71
hsa-miR-769,71
hsa-miR-770,71
hsa-miR-875,71
hsa-miR-876,71
hsa-miR-885,71
hsa-miR-9-1,56
hsa-miR-92a-1,71
hsa-miR-92a-2,56
hsa-miR-548ad-5p/hsa-miR-548ae-5p,316
hsa-miR-1-2,15
hsa-miR-103-2,15
hsa-miR-124-3,15
hsa-miR-1255b-2,15
hsa-miR-1285-2,15
hsa-miR-135a-2,15
hsa-miR-376a-2,15
hsa-miR-509-2,15
hsa-miR-516b-2,15
hsa-miR-517,15
hsa-miR-548a-2,15
hsa-miR-548d-2,15
hsa-miR-550-1,15
hsa-miR-768,15
hsa-miR-886,15
hsa-miR-9-3,15
hsa-let-7a-3,6
hsa-mir-1-1,6
hsa-mir-1-2,6
hsa-mir-100,6
hsa-mir-101-1,6
hsa-mir-101-2,6
hsa-mir-103a-1,6
hsa-mir-103a-2,6
hsa-mir-103b-1,6
hsa-mir-103b-2,6
hsa-mir-105-1,6
hsa-mir-105-2,6
hsa-mir-106a,6
hsa-mir-106b,6
hsa-mir-10a,6
hsa-mir-10b,6
hsa-mir-1178,6
hsa-mir-1180,6
hsa-mir-1181,6
hsa-mir-1184-1,6
hsa-mir-1184-2,6
hsa-mir-1184-3,6
hsa-mir-1185-1,6
hsa-mir-1185-2,6
hsa-mir-1193,6
hsa-mir-1199,6
hsa-mir-1200,6
hsa-mir-1202,6
hsa-mir-1204,6
hsa-mir-1206,6
hsa-mir-1207,6
hsa-mir-1208,6
hsa-mir-122,6
hsa-mir-1224,6
hsa-mir-1225,6
hsa-mir-1226,6
hsa-mir-1227,6
hsa-mir-1228,6
hsa-mir-1229,6
hsa-mir-1233-1,6
hsa-mir-1233-2,6
hsa-mir-1234,6
hsa-mir-1236,6
hsa-mir-1237,6
hsa-mir-1238,6
hsa-mir-124-1,6
hsa-mir-124-2,6
hsa-mir-124-3,6
hsa-mir-1243,6
hsa-mir-1244-1,6
hsa-mir-1244-2,6
hsa-mir-1244-3,6
hsa-mir-1245b,6
hsa-mir-1247,6
hsa-mir-1249,6
hsa-mir-1250,6
hsa-mir-1251,6
hsa-mir-1252,6
hsa-mir-1254-1,6
hsa-mir-1254-2,6
hsa-mir-1255a,6
hsa-mir-1255b-1,6
hsa-mir-1255b-2,6
hsa-mir-1257,6
hsa-mir-1258,6
hsa-mir-125a,6
hsa-mir-125b-1,6
hsa-mir-125b-2,6
hsa-mir-126,6
hsa-mir-1260a,6
hsa-mir-1260b,6
hsa-mir-1261,6
hsa-mir-1262,6
hsa-mir-1265,6
hsa-mir-1266,6
hsa-mir-1269a,6
hsa-mir-1269b,6
hsa-mir-127,6
hsa-mir-1270-1,6
hsa-mir-1270-2,6
hsa-mir-1271,6
hsa-mir-1272,6
hsa-mir-1273f,6
hsa-mir-1273g,6
hsa-mir-1273h,6
hsa-mir-1277,6
hsa-mir-128-1,6
hsa-mir-128-2,6
hsa-mir-1282,6
hsa-mir-1283-1,6
hsa-mir-1283-2,6
hsa-mir-1284,6
hsa-mir-1285-1,6
hsa-mir-1285-2,6
hsa-mir-1287,6
hsa-mir-1288,6
hsa-mir-1289-1,6
hsa-mir-1289-2,6
hsa-mir-129-1,6
hsa-mir-129-2,6
hsa-mir-1291,6
hsa-mir-1292,6
hsa-mir-1294,6
hsa-mir-1295a,6
hsa-mir-1295b,6
hsa-mir-1296,6
hsa-mir-1298,6
hsa-mir-1299,6
hsa-mir-1301,6
hsa-mir-1302-1,6
hsa-mir-1302-10,6
hsa-mir-1302-11,6
hsa-mir-1302-2,6
hsa-mir-1302-3,6
hsa-mir-1302-4,6
hsa-mir-1302-5,6
hsa-mir-1302-6,6
hsa-mir-1302-7,6
hsa-mir-1302-8,6
hsa-mir-1302-9,6
hsa-mir-1304,6
hsa-mir-1306,6
hsa-mir-1307,6
hsa-mir-130a,6
hsa-mir-130b,6
hsa-mir-132,6
hsa-mir-1322,6
hsa-mir-133a-1,6
hsa-mir-133a-2,6
hsa-mir-133b,6
hsa-mir-134,6
hsa-mir-1343,6
hsa-mir-135a-1,6
hsa-mir-135a-2,6
hsa-mir-135b,6
hsa-mir-136,6
hsa-mir-137,6
hsa-mir-138-1,6
hsa-mir-138-2,6
hsa-mir-139,6
hsa-mir-140,6
hsa-mir-141,6
hsa-mir-142,6
hsa-mir-143,6
hsa-mir-144,6
hsa-mir-145,6
hsa-mir-1468,6
hsa-mir-146a,6
hsa-mir-146b,6
hsa-mir-1471,6
hsa-mir-147a,6
hsa-mir-147b,6
hsa-mir-148a,6
hsa-mir-148b,6
hsa-mir-149,6
hsa-mir-150,6
hsa-mir-151a,6
hsa-mir-152,6
hsa-mir-153-1,6
hsa-mir-153-2,6
hsa-mir-1537,6
hsa-mir-1538,6
hsa-mir-154,6
hsa-mir-155,6
hsa-mir-15a,6
hsa-mir-15b,6
hsa-mir-16-1,6
hsa-mir-16-2,6
hsa-mir-17,6
hsa-mir-181a-1,6
hsa-mir-181a-2,6
hsa-mir-181b-1,6
hsa-mir-181b-2,6
hsa-mir-181c,6
hsa-mir-181d,6
hsa-mir-182,6
hsa-mir-1825,6
hsa-mir-1827,6
hsa-mir-183,6
hsa-mir-185,6
hsa-mir-186,6
hsa-mir-187,6
hsa-mir-188,6
hsa-mir-18a,6
hsa-mir-18b,6
hsa-mir-1908,6
hsa-mir-1909,6
hsa-mir-190a,6
hsa-mir-191,6
hsa-mir-1910,6
hsa-mir-1911,6
hsa-mir-1914,6
hsa-mir-1915,6
hsa-mir-192,6
hsa-mir-193a,6
hsa-mir-194-1,6
hsa-mir-194-2,6
hsa-mir-195,6
hsa-mir-196a-1,6
hsa-mir-196a-2,6
hsa-mir-196b,6
hsa-mir-197,6
hsa-mir-1972-1,6
hsa-mir-1972-2,6
hsa-mir-1976,6
hsa-mir-198,6
hsa-mir-199a-1,6
hsa-mir-199a-2,6
hsa-mir-199b,6
hsa-mir-19a,6
hsa-mir-19b-1,6
hsa-mir-19b-2,6
hsa-mir-200a,6
hsa-mir-200b,6
hsa-mir-200c,6
hsa-mir-202,6
hsa-mir-203a,6
hsa-mir-203b,6
hsa-mir-204,6
hsa-mir-205,6
hsa-mir-2052,6
hsa-mir-2053,6
hsa-mir-208a,6
hsa-mir-208b,6
hsa-mir-20a,6
hsa-mir-20b,6
hsa-mir-21,6
hsa-mir-210,6
hsa-mir-211,6
hsa-mir-2110,6
hsa-mir-2113,6
hsa-mir-2114,6
hsa-mir-2115,6
hsa-mir-2116,6
hsa-mir-212,6
hsa-mir-214,6
hsa-mir-215,6
hsa-mir-216a,6
hsa-mir-216b,6
hsa-mir-217,6
hsa-mir-218-1,6
hsa-mir-218-2,6
hsa-mir-219a-1,6
hsa-mir-219a-2,6
hsa-mir-219b,6
hsa-mir-22,6
hsa-mir-221,6
hsa-mir-222,6
hsa-mir-223,6
hsa-mir-224,6
hsa-mir-2276,6
hsa-mir-2277,6
hsa-mir-2278,6
hsa-mir-2355,6
hsa-mir-2392,6
hsa-mir-23a,6
hsa-mir-23b,6
hsa-mir-23c,6
hsa-mir-24-1,6
hsa-mir-24-2,6
hsa-mir-2467,6
hsa-mir-25,6
hsa-mir-2681,6
hsa-mir-2682,6
hsa-mir-26a-1,6
hsa-mir-26a-2,6
hsa-mir-26b,6
hsa-mir-27a,6
hsa-mir-27b,6
hsa-mir-28,6
hsa-mir-296,6
hsa-mir-299,6
hsa-mir-29a,6
hsa-mir-29b-1,6
hsa-mir-29b-2,6
hsa-mir-29c,6
hsa-mir-300,6
hsa-mir-301a,6
hsa-mir-301b,6
hsa-mir-302a,6
hsa-mir-302b,6
hsa-mir-302c,6
hsa-mir-302d,6
hsa-mir-302f,6
hsa-mir-3064,6
hsa-mir-3065,6
hsa-mir-3074,6
hsa-mir-30a,6
hsa-mir-30b,6
hsa-mir-30c-1,6
hsa-mir-30c-2,6
hsa-mir-30d,6
hsa-mir-30e,6
hsa-mir-31,6
hsa-mir-3116-1,6
hsa-mir-3116-2,6
hsa-mir-3117,6
hsa-mir-3118-1,6
hsa-mir-3118-2,6
hsa-mir-3118-3,6
hsa-mir-3118-4,6
hsa-mir-3118-5,6
hsa-mir-3118-6,6
hsa-mir-3119-1,6
hsa-mir-3119-2,6
hsa-mir-3120,6
hsa-mir-3121,6
hsa-mir-3122,6
hsa-mir-3124,6
hsa-mir-3125,6
hsa-mir-3126,6
hsa-mir-3127,6
hsa-mir-3129,6
hsa-mir-3130-1,6
hsa-mir-3130-2,6
hsa-mir-3131,6
hsa-mir-3133,6
hsa-mir-3135a,6
hsa-mir-3135b,6
hsa-mir-3136,6
hsa-mir-3137,6
hsa-mir-3138,6
hsa-mir-3140,6
hsa-mir-3141,6
hsa-mir-3142,6
hsa-mir-3143,6
hsa-mir-3144,6
hsa-mir-3145,6
hsa-mir-3147,6
hsa-mir-3148,6
hsa-mir-3149,6
hsa-mir-3150a,6
hsa-mir-3150b,6
hsa-mir-3151,6
hsa-mir-3152,6
hsa-mir-3154,6
hsa-mir-3155a,6
hsa-mir-3156-1,6
hsa-mir-3156-2,6
hsa-mir-3156-3,6
hsa-mir-3157,6
hsa-mir-3158-1,6
hsa-mir-3158-2,6
hsa-mir-3159,6
hsa-mir-3160-1,6
hsa-mir-3160-2,6
hsa-mir-3161,6
hsa-mir-3162,6
hsa-mir-3163,6
hsa-mir-3166,6
hsa-mir-3170,6
hsa-mir-3171,6
hsa-mir-3173,6
hsa-mir-3175,6
hsa-mir-3176,6
hsa-mir-3177,6
hsa-mir-3179-1,6
hsa-mir-3179-2,6
hsa-mir-3179-3,6
hsa-mir-3180-1,6
hsa-mir-3180-2,6
hsa-mir-3180-3,6
hsa-mir-3180-4,6
hsa-mir-3180-5,6
hsa-mir-3181,6
hsa-mir-3184,6
hsa-mir-3186,6
hsa-mir-3187,6
hsa-mir-3188,6
hsa-mir-3189,6
hsa-mir-3190,6
hsa-mir-3191,6
hsa-mir-3192,6
hsa-mir-3194,6
hsa-mir-3197,6
hsa-mir-3198-1,6
hsa-mir-3198-2,6
hsa-mir-3199-1,6
hsa-mir-3199-2,6
hsa-mir-32,6
hsa-mir-3200,6
hsa-mir-3201,6
hsa-mir-3202-1,6
hsa-mir-3202-2,6
hsa-mir-320a,6
hsa-mir-320b-1,6
hsa-mir-320b-2,6
hsa-mir-320c-1,6
hsa-mir-320c-2,6
hsa-mir-320d-1,6
hsa-mir-320d-2,6
hsa-mir-320e,6
hsa-mir-323a,6
hsa-mir-323b,6
hsa-mir-324,6
hsa-mir-328,6
hsa-mir-329-1,6
hsa-mir-329-2,6
hsa-mir-330,6
hsa-mir-331,6
hsa-mir-335,6
hsa-mir-337,6
hsa-mir-338,6
hsa-mir-339,6
hsa-mir-33a,6
hsa-mir-33b,6
hsa-mir-340,6
hsa-mir-342,6
hsa-mir-345,6
hsa-mir-346,6
hsa-mir-34a,6
hsa-mir-34b,6
hsa-mir-34c,6
hsa-mir-3529,6
hsa-mir-3591,6
hsa-mir-3605,6
hsa-mir-3606,6
hsa-mir-3607,6
hsa-mir-361,6
hsa-mir-3610,6
hsa-mir-3611,6
hsa-mir-3612,6
hsa-mir-3613,6
hsa-mir-3614,6
hsa-mir-3617,6
hsa-mir-3619,6
hsa-mir-362,6
hsa-mir-3620,6
hsa-mir-3622a,6
hsa-mir-3622b,6
hsa-mir-363,6
hsa-mir-3646,6
hsa-mir-3648,6
hsa-mir-3653,6
hsa-mir-3655,6
hsa-mir-3657,6
hsa-mir-3658,6
hsa-mir-365a,6
hsa-mir-365b,6
hsa-mir-3661,6
hsa-mir-3662,6
hsa-mir-3663,6
hsa-mir-3664,6
hsa-mir-3667,6
hsa-mir-3669,6
hsa-mir-367,6
hsa-mir-3670-1,6
hsa-mir-3670-2,6
hsa-mir-3672,6
hsa-mir-3675,6
hsa-mir-3677,6
hsa-mir-3678,6
hsa-mir-3679,6
hsa-mir-3680-1,6
hsa-mir-3680-2,6
hsa-mir-3681,6
hsa-mir-3682,6
hsa-mir-3683,6
hsa-mir-3684,6
hsa-mir-3685,6
hsa-mir-3686,6
hsa-mir-3688-1,6
hsa-mir-3688-2,6
hsa-mir-3689a,6
hsa-mir-3689b,6
hsa-mir-3689c,6
hsa-mir-3689d-1,6
hsa-mir-3689d-2,6
hsa-mir-3689e,6
hsa-mir-3689f,6
hsa-mir-369,6
hsa-mir-3690-1,6
hsa-mir-3690-2,6
hsa-mir-3691,6
hsa-mir-3692,6
hsa-mir-370,6
hsa-mir-3714,6
hsa-mir-371a,6
hsa-mir-371b,6
hsa-mir-372,6
hsa-mir-373,6
hsa-mir-374a,6
hsa-mir-374b,6
hsa-mir-374c,6
hsa-mir-375,6
hsa-mir-376a-1,6
hsa-mir-376a-2,6
hsa-mir-376b,6
hsa-mir-376c,6
hsa-mir-377,6
hsa-mir-378a,6
hsa-mir-378b,6
hsa-mir-378d-1,6
hsa-mir-378d-2,6
hsa-mir-378f,6
hsa-mir-378g,6
hsa-mir-378h,6
hsa-mir-379,6
hsa-mir-380,6
hsa-mir-381,6
hsa-mir-382,6
hsa-mir-383,6
hsa-mir-384,6
hsa-mir-3907,6
hsa-mir-3909,6
hsa-mir-3910-1,6
hsa-mir-3910-2,6
hsa-mir-3911,6
hsa-mir-3912,6
hsa-mir-3913-1,6
hsa-mir-3913-2,6
hsa-mir-3914-1,6
hsa-mir-3914-2,6
hsa-mir-3915,6
hsa-mir-3916,6
hsa-mir-3917,6
hsa-mir-3918,6
hsa-mir-3920,6
hsa-mir-3922,6
hsa-mir-3923,6
hsa-mir-3925,6
hsa-mir-3926-1,6
hsa-mir-3926-2,6
hsa-mir-3927,6
hsa-mir-3928,6
hsa-mir-3934,6
hsa-mir-3936,6
hsa-mir-3937,6
hsa-mir-3940,6
hsa-mir-3942,6
hsa-mir-3944,6
hsa-mir-3960,6
hsa-mir-3972,6
hsa-mir-3973,6
hsa-mir-3976,6
hsa-mir-409,6
hsa-mir-410,6
hsa-mir-411,6
hsa-mir-412,6
hsa-mir-422a,6
hsa-mir-423,6
hsa-mir-424,6
hsa-mir-425,6
hsa-mir-4252,6
hsa-mir-4253,6
hsa-mir-4254,6
hsa-mir-4260,6
hsa-mir-4261,6
hsa-mir-4262,6
hsa-mir-4263,6
hsa-mir-4264,6
hsa-mir-4267,6
hsa-mir-4269,6
hsa-mir-4270,6
hsa-mir-4271,6
hsa-mir-4272,6
hsa-mir-4273,6
hsa-mir-4274,6
hsa-mir-4277,6
hsa-mir-4280,6
hsa-mir-4281,6
hsa-mir-4282,6
hsa-mir-4283-1,6
hsa-mir-4283-2,6
hsa-mir-4285,6
hsa-mir-4286,6
hsa-mir-4287,6
hsa-mir-429,6
hsa-mir-4290,6
hsa-mir-4295,6
hsa-mir-4298,6
hsa-mir-4299,6
hsa-mir-4302,6
hsa-mir-4306,6
hsa-mir-4309,6
hsa-mir-431,6
hsa-mir-4310,6
hsa-mir-4311,6
hsa-mir-4312,6
hsa-mir-4314,6
hsa-mir-4315-1,6
hsa-mir-4315-2,6
hsa-mir-432,6
hsa-mir-4320,6
hsa-mir-4321,6
hsa-mir-4324,6
hsa-mir-4326,6
hsa-mir-4327,6
hsa-mir-433,6
hsa-mir-4330,6
hsa-mir-4417,6
hsa-mir-4418,6
hsa-mir-4420,6
hsa-mir-4421,6
hsa-mir-4422,6
hsa-mir-4423,6
hsa-mir-4424,6
hsa-mir-4427,6
hsa-mir-4428,6
hsa-mir-4429,6
hsa-mir-4430,6
hsa-mir-4431,6
hsa-mir-4432,6
hsa-mir-4433,6
hsa-mir-4433b,6
hsa-mir-4435-1,6
hsa-mir-4435-2,6
hsa-mir-4436b-1,6
hsa-mir-4436b-2,6
hsa-mir-4438,6
hsa-mir-4440,6
hsa-mir-4443,6
hsa-mir-4444-1,6
hsa-mir-4444-2,6
hsa-mir-4445,6
hsa-mir-4446,6
hsa-mir-4451,6
hsa-mir-4454,6
hsa-mir-4455,6
hsa-mir-4457,6
hsa-mir-4460,6
hsa-mir-4462,6
hsa-mir-4464,6
hsa-mir-4465,6
hsa-mir-4466,6
hsa-mir-4468,6
hsa-mir-4469,6
hsa-mir-4471,6
hsa-mir-4472-1,6
hsa-mir-4474,6
hsa-mir-4475,6
hsa-mir-4477b,6
hsa-mir-4478,6
hsa-mir-4479,6
hsa-mir-448,6
hsa-mir-4481,6
hsa-mir-4482,6
hsa-mir-4483,6
hsa-mir-4485,6
hsa-mir-4486,6
hsa-mir-4490,6
hsa-mir-4491,6
hsa-mir-4493,6
hsa-mir-4494,6
hsa-mir-4496,6
hsa-mir-449a,6
hsa-mir-449b,6
hsa-mir-449c,6
hsa-mir-4502,6
hsa-mir-4504,6
hsa-mir-4509-1,6
hsa-mir-4509-2,6
hsa-mir-4509-3,6
hsa-mir-450a-1,6
hsa-mir-450a-2,6
hsa-mir-450b,6
hsa-mir-4512,6
hsa-mir-4513,6
hsa-mir-4514,6
hsa-mir-4518,6
hsa-mir-452,6
hsa-mir-4520a,6
hsa-mir-4520b,6
hsa-mir-4524a,6
hsa-mir-4524b,6
hsa-mir-4525,6
hsa-mir-4529,6
hsa-mir-4530,6
hsa-mir-4535,6
hsa-mir-4536-1,6
hsa-mir-4536-2,6
hsa-mir-4538,6
hsa-mir-4539,6
hsa-mir-454,6
hsa-mir-4540,6
hsa-mir-455,6
hsa-mir-4632,6
hsa-mir-4633,6
hsa-mir-4635,6
hsa-mir-4636,6
hsa-mir-4637,6
hsa-mir-4638,6
hsa-mir-4639,6
hsa-mir-4640,6
hsa-mir-4641,6
hsa-mir-4644,6
hsa-mir-4645,6
hsa-mir-4646,6
hsa-mir-4647,6
hsa-mir-4648,6
hsa-mir-4649,6
hsa-mir-4650-1,6
hsa-mir-4650-2,6
hsa-mir-4652,6
hsa-mir-4653,6
hsa-mir-4655,6
hsa-mir-4658,6
hsa-mir-4659b,6
hsa-mir-4660,6
hsa-mir-4661,6
hsa-mir-4662a,6
hsa-mir-4662b,6
hsa-mir-4664,6
hsa-mir-4665,6
hsa-mir-4666a,6
hsa-mir-4666b,6
hsa-mir-4667,6
hsa-mir-4668,6
hsa-mir-4670,6
hsa-mir-4671,6
hsa-mir-4676,6
hsa-mir-4677,6
hsa-mir-4678,6
hsa-mir-4679-1,6
hsa-mir-4679-2,6
hsa-mir-4680,6
hsa-mir-4682,6
hsa-mir-4683,6
hsa-mir-4684,6
hsa-mir-4685,6
hsa-mir-4687,6
hsa-mir-4688,6
hsa-mir-4690,6
hsa-mir-4691,6
hsa-mir-4692,6
hsa-mir-4693,6
hsa-mir-4694,6
hsa-mir-4695,6
hsa-mir-4697,6
hsa-mir-4699,6
hsa-mir-4700,6
hsa-mir-4701,6
hsa-mir-4703,6
hsa-mir-4704,6
hsa-mir-4707,6
hsa-mir-4708,6
hsa-mir-4709,6
hsa-mir-4710,6
hsa-mir-4711,6
hsa-mir-4712,6
hsa-mir-4713,6
hsa-mir-4714,6
hsa-mir-4715,6
hsa-mir-4716,6
hsa-mir-4717,6
hsa-mir-4718,6
hsa-mir-4719,6
hsa-mir-4720,6
hsa-mir-4721,6
hsa-mir-4722,6
hsa-mir-4723,6
hsa-mir-4724,6
hsa-mir-4725,6
hsa-mir-4726,6
hsa-mir-4727,6
hsa-mir-4728,6
hsa-mir-4729,6
hsa-mir-4731,6
hsa-mir-4732,6
hsa-mir-4733,6
hsa-mir-4735,6
hsa-mir-4736,6
hsa-mir-4737,6
hsa-mir-4738,6
hsa-mir-4740,6
hsa-mir-4742,6
hsa-mir-4743,6
hsa-mir-4744,6
hsa-mir-4745,6
hsa-mir-4746,6
hsa-mir-4747,6
hsa-mir-4748,6
hsa-mir-4749,6
hsa-mir-4750,6
hsa-mir-4751,6
hsa-mir-4753,6
hsa-mir-4754,6
hsa-mir-4755,6
hsa-mir-4756,6
hsa-mir-4757,6
hsa-mir-4758,6
hsa-mir-4760,6
hsa-mir-4761,6
hsa-mir-4762,6
hsa-mir-4764,6
hsa-mir-4766,6
hsa-mir-4768,6
hsa-mir-4769,6
hsa-mir-4770,6
hsa-mir-4771-1,6
hsa-mir-4771-2,6
hsa-mir-4772,6
hsa-mir-4773-1,6
hsa-mir-4773-2,6
hsa-mir-4774,6
hsa-mir-4776-1,6
hsa-mir-4776-2,6
hsa-mir-4777,6
hsa-mir-4778,6
hsa-mir-4781,6
hsa-mir-4782,6
hsa-mir-4783,6
hsa-mir-4785,6
hsa-mir-4786,6
hsa-mir-4787,6
hsa-mir-4789,6
hsa-mir-4790,6
hsa-mir-4792,6
hsa-mir-4793,6
hsa-mir-4794,6
hsa-mir-4795,6
hsa-mir-4796,6
hsa-mir-4797,6
hsa-mir-4798,6
hsa-mir-4799,6
hsa-mir-4800,6
hsa-mir-4802,6
hsa-mir-4803,6
hsa-mir-4804,6
hsa-mir-483,6
hsa-mir-485,6
hsa-mir-486,6
hsa-mir-486-2,6
hsa-mir-487a,6
hsa-mir-487b,6
hsa-mir-488,6
hsa-mir-489,6
hsa-mir-490,6
hsa-mir-491,6
hsa-mir-492,6
hsa-mir-493,6
hsa-mir-494,6
hsa-mir-495,6
hsa-mir-497,6
hsa-mir-4999,6
hsa-mir-499a,6
hsa-mir-499b,6
hsa-mir-5000,6
hsa-mir-5001,6
hsa-mir-5002,6
hsa-mir-5003,6
hsa-mir-5004,6
hsa-mir-5006,6
hsa-mir-5007,6
hsa-mir-5008,6
hsa-mir-5009,6
hsa-mir-500a,6
hsa-mir-500b,6
hsa-mir-501,6
hsa-mir-5010,6
hsa-mir-5011,6
hsa-mir-502,6
hsa-mir-503,6
hsa-mir-504,6
hsa-mir-505,6
hsa-mir-506,6
hsa-mir-507,6
hsa-mir-508,6
hsa-mir-5088,6
hsa-mir-5089,6
hsa-mir-509-1,6
hsa-mir-509-2,6
hsa-mir-509-3,6
hsa-mir-5092,6
hsa-mir-5093,6
hsa-mir-5094,6
hsa-mir-5095,6
hsa-mir-510,6
hsa-mir-5100,6
hsa-mir-511,6
hsa-mir-512-1,6
hsa-mir-512-2,6
hsa-mir-513a-1,6
hsa-mir-513a-2,6
hsa-mir-513b,6
hsa-mir-513c,6
hsa-mir-514a-1,6
hsa-mir-514a-2,6
hsa-mir-514a-3,6
hsa-mir-514b,6
hsa-mir-515-1,6
hsa-mir-515-2,6
hsa-mir-516a-1,6
hsa-mir-516a-2,6
hsa-mir-516b-1,6
hsa-mir-516b-2,6
hsa-mir-517a,6
hsa-mir-517b,6
hsa-mir-517c,6
hsa-mir-5187,6
hsa-mir-5188,6
hsa-mir-5189,6
hsa-mir-518a-1,6
hsa-mir-518a-2,6
hsa-mir-518c,6
hsa-mir-518d,6
hsa-mir-518e,6
hsa-mir-518f,6
hsa-mir-5191,6
hsa-mir-5192,6
hsa-mir-5195,6
hsa-mir-5196,6
hsa-mir-5197,6
hsa-mir-519a-1,6
hsa-mir-519a-2,6
hsa-mir-519b,6
hsa-mir-519c,6
hsa-mir-519d,6
hsa-mir-519e,6
hsa-mir-520a,6
hsa-mir-520c,6
hsa-mir-520d,6
hsa-mir-520e,6
hsa-mir-520f,6
hsa-mir-520g,6
hsa-mir-521-1,6
hsa-mir-521-2,6
hsa-mir-522,6
hsa-mir-523,6
hsa-mir-524,6
hsa-mir-525,6
hsa-mir-526a-1,6
hsa-mir-526a-2,6
hsa-mir-526b,6
hsa-mir-527,6
hsa-mir-532,6
hsa-mir-539,6
hsa-mir-541,6
hsa-mir-542,6
hsa-mir-543,6
hsa-mir-544a,6
hsa-mir-545,6
hsa-mir-548a-1,6
hsa-mir-548a-2,6
hsa-mir-548a-3,6
hsa-mir-548aa-1,6
hsa-mir-548ae-1,6
hsa-mir-548ae-2,6
hsa-mir-548ag-1,6
hsa-mir-548ag-2,6
hsa-mir-548ah,6
hsa-mir-548aj-1,6
hsa-mir-548aj-2,6
hsa-mir-548ak,6
hsa-mir-548am,6
hsa-mir-548an,6
hsa-mir-548ao,6
hsa-mir-548ap,6
hsa-mir-548aq,6
hsa-mir-548ar,6
hsa-mir-548at,6
hsa-mir-548au,6
hsa-mir-548av,6
hsa-mir-548ay,6
hsa-mir-548az,6
hsa-mir-548b,6
hsa-mir-548c,6
hsa-mir-548d-1,6
hsa-mir-548e,6
hsa-mir-548f-1,6
hsa-mir-548f-2,6
hsa-mir-548f-3,6
hsa-mir-548f-4,6
hsa-mir-548f-5,6
hsa-mir-548g,6
hsa-mir-548h-1,6
hsa-mir-548h-2,6
hsa-mir-548h-3,6
hsa-mir-548h-4,6
hsa-mir-548h-5,6
hsa-mir-548i-1,6
hsa-mir-548i-2,6
hsa-mir-548i-3,6
hsa-mir-548i-4,6
hsa-mir-548j,6
hsa-mir-548k,6
hsa-mir-548l,6
hsa-mir-548m,6
hsa-mir-548n,6
hsa-mir-548o,6
hsa-mir-548o-2,6
hsa-mir-548p,6
hsa-mir-548t,6
hsa-mir-548v,6
hsa-mir-548w,6
hsa-mir-548x,6
hsa-mir-548x-2,6
hsa-mir-548y,6
hsa-mir-549a,6
hsa-mir-550a-1,6
hsa-mir-550a-2,6
hsa-mir-550a-3,6
hsa-mir-550b-1,6
hsa-mir-550b-2,6
hsa-mir-551a,6
hsa-mir-551b,6
hsa-mir-552,6
hsa-mir-554,6
hsa-mir-555,6
hsa-mir-556,6
hsa-mir-557,6
hsa-mir-5571,6
hsa-mir-5572,6
hsa-mir-5579,6
hsa-mir-5580,6
hsa-mir-5581,6
hsa-mir-5582,6
hsa-mir-5583-1,6
hsa-mir-5583-2,6
hsa-mir-5584,6
hsa-mir-5585,6
hsa-mir-5586,6
hsa-mir-5587,6
hsa-mir-5589,6
hsa-mir-5590,6
hsa-mir-5591,6
hsa-mir-561,6
hsa-mir-562,6
hsa-mir-563,6
hsa-mir-5680,6
hsa-mir-5681a,6
hsa-mir-5681b,6
hsa-mir-5687,6
hsa-mir-5689,6
hsa-mir-569,6
hsa-mir-5691,6
hsa-mir-5692a-1,6
hsa-mir-5692a-2,6
hsa-mir-5692c-1,6
hsa-mir-5692c-2,6
hsa-mir-5693,6
hsa-mir-5694,6
hsa-mir-5696,6
hsa-mir-5697,6
hsa-mir-5698,6
hsa-mir-5699,6
hsa-mir-570,6
hsa-mir-5700,6
hsa-mir-5701-1,6
hsa-mir-5701-2,6
hsa-mir-5702,6
hsa-mir-5704,6
hsa-mir-5708,6
hsa-mir-571,6
hsa-mir-574,6
hsa-mir-575,6
hsa-mir-576,6
hsa-mir-577,6
hsa-mir-579,6
hsa-mir-580,6
hsa-mir-582,6
hsa-mir-583,6
hsa-mir-584,6
hsa-mir-585,6
hsa-mir-586,6
hsa-mir-587,6
hsa-mir-588,6
hsa-mir-589,6
hsa-mir-590,6
hsa-mir-592,6
hsa-mir-593,6
hsa-mir-595,6
hsa-mir-596,6
hsa-mir-597,6
hsa-mir-598,6
hsa-mir-600,6
hsa-mir-602,6
hsa-mir-605,6
hsa-mir-606,6
hsa-mir-6069,6
hsa-mir-607,6
hsa-mir-6070,6
hsa-mir-6071,6
hsa-mir-6073,6
hsa-mir-6076,6
hsa-mir-6077-1,6
hsa-mir-6077-2,6
hsa-mir-6079,6
hsa-mir-6080,6
hsa-mir-6081,6
hsa-mir-6083,6
hsa-mir-6084,6
hsa-mir-6089-1,6
hsa-mir-6089-2,6
hsa-mir-609,6
hsa-mir-6124,6
hsa-mir-6126,6
hsa-mir-6127,6
hsa-mir-613,6
hsa-mir-614,6
hsa-mir-615,6
hsa-mir-616,6
hsa-mir-6165,6
hsa-mir-618,6
hsa-mir-619,6
hsa-mir-622,6
hsa-mir-623,6
hsa-mir-624,6
hsa-mir-625,6
hsa-mir-627,6
hsa-mir-628,6
hsa-mir-629,6
hsa-mir-631,6
hsa-mir-633,6
hsa-mir-637,6
hsa-mir-640,6
hsa-mir-642a,6
hsa-mir-642b,6
hsa-mir-643,6
hsa-mir-645,6
hsa-mir-646,6
hsa-mir-648,6
hsa-mir-6499,6
hsa-mir-6500,6
hsa-mir-6501,6
hsa-mir-6502,6
hsa-mir-6503,6
hsa-mir-6504,6
hsa-mir-6505,6
hsa-mir-6506,6
hsa-mir-6507,6
hsa-mir-6508,6
hsa-mir-6509,6
hsa-mir-651,6
hsa-mir-6510,6
hsa-mir-6511a-1,6
hsa-mir-6511a-2,6
hsa-mir-6511a-3,6
hsa-mir-6511a-4,6
hsa-mir-6511b-1,6
hsa-mir-6511b-2,6
hsa-mir-6512,6
hsa-mir-6513,6
hsa-mir-6514,6
hsa-mir-6515,6
hsa-mir-6516,6
hsa-mir-652,6
hsa-mir-653,6
hsa-mir-654,6
hsa-mir-655,6
hsa-mir-656,6
hsa-mir-657,6
hsa-mir-658,6
hsa-mir-659,6
hsa-mir-660,6
hsa-mir-662,6
hsa-mir-663a,6
hsa-mir-664a,6
hsa-mir-664b,6
hsa-mir-668,6
hsa-mir-670,6
hsa-mir-671,6
hsa-mir-6715a,6
hsa-mir-6715b,6
hsa-mir-6716,6
hsa-mir-6717,6
hsa-mir-6718,6
hsa-mir-6719,6
hsa-mir-6720,6
hsa-mir-6721,6
hsa-mir-6722,6
hsa-mir-6723,6
hsa-mir-6724,6
hsa-mir-6726,6
hsa-mir-6727,6
hsa-mir-6728,6
hsa-mir-6729,6
hsa-mir-6730,6
hsa-mir-6731,6
hsa-mir-6732,6
hsa-mir-6733,6
hsa-mir-6734,6
hsa-mir-6735,6
hsa-mir-6736,6
hsa-mir-6738,6
hsa-mir-6739,6
hsa-mir-6740,6
hsa-mir-6741,6
hsa-mir-6742,6
hsa-mir-6743,6
hsa-mir-6744,6
hsa-mir-6745,6
hsa-mir-6746,6
hsa-mir-6747,6
hsa-mir-6748,6
hsa-mir-6749,6
hsa-mir-675,6
hsa-mir-6750,6
hsa-mir-6751,6
hsa-mir-6752,6
hsa-mir-6753,6
hsa-mir-6754,6
hsa-mir-6755,6
hsa-mir-6756,6
hsa-mir-6757,6
hsa-mir-6758,6
hsa-mir-6759,6
hsa-mir-676,6
hsa-mir-6761,6
hsa-mir-6762,6
hsa-mir-6763,6
hsa-mir-6764,6
hsa-mir-6765,6
hsa-mir-6766,6
hsa-mir-6767,6
hsa-mir-6768,6
hsa-mir-6769a,6
hsa-mir-6769b,6
hsa-mir-6770-1,6
hsa-mir-6770-2,6
hsa-mir-6770-3,6
hsa-mir-6771,6
hsa-mir-6772,6
hsa-mir-6773,6
hsa-mir-6774,6
hsa-mir-6775,6
hsa-mir-6776,6
hsa-mir-6777,6
hsa-mir-6778,6
hsa-mir-6779,6
hsa-mir-6780a,6
hsa-mir-6780b,6
hsa-mir-6781,6
hsa-mir-6782,6
hsa-mir-6783,6
hsa-mir-6784,6
hsa-mir-6785,6
hsa-mir-6786,6
hsa-mir-6787,6
hsa-mir-6788,6
hsa-mir-6789,6
hsa-mir-6790,6
hsa-mir-6791,6
hsa-mir-6792,6
hsa-mir-6793,6
hsa-mir-6794,6
hsa-mir-6795,6
hsa-mir-6796,6
hsa-mir-6797,6
hsa-mir-6798,6
hsa-mir-6799,6
hsa-mir-6800,6
hsa-mir-6801,6
hsa-mir-6802,6
hsa-mir-6803,6
hsa-mir-6804,6
hsa-mir-6805,6
hsa-mir-6806,6
hsa-mir-6807,6
hsa-mir-6808,6
hsa-mir-6809,6
hsa-mir-6810,6
hsa-mir-6811,6
hsa-mir-6812,6
hsa-mir-6813,6
hsa-mir-6814,6
hsa-mir-6815,6
hsa-mir-6816,6
hsa-mir-6817,6
hsa-mir-6818,6
hsa-mir-6819,6
hsa-mir-6820,6
hsa-mir-6821,6
hsa-mir-6822,6
hsa-mir-6823,6
hsa-mir-6824,6
hsa-mir-6825,6
hsa-mir-6826,6
hsa-mir-6827,6
hsa-mir-6828,6
hsa-mir-6829,6
hsa-mir-6830,6
hsa-mir-6831,6
hsa-mir-6832,6
hsa-mir-6833,6
hsa-mir-6834,6
hsa-mir-6835,6
hsa-mir-6836,6
hsa-mir-6837,6
hsa-mir-6838,6
hsa-mir-6839,6
hsa-mir-6840,6
hsa-mir-6841,6
hsa-mir-6842,6
hsa-mir-6843,6
hsa-mir-6844,6
hsa-mir-6845,6
hsa-mir-6846,6
hsa-mir-6847,6
hsa-mir-6848,6
hsa-mir-6849,6
hsa-mir-6850,6
hsa-mir-6851,6
hsa-mir-6852,6
hsa-mir-6853,6
hsa-mir-6854,6
hsa-mir-6855,6
hsa-mir-6856,6
hsa-mir-6857,6
hsa-mir-6858,6
hsa-mir-6859-1,6
hsa-mir-6859-2,6
hsa-mir-6859-3,6
hsa-mir-6861,6
hsa-mir-6862-1,6
hsa-mir-6862-2,6
hsa-mir-6863,6
hsa-mir-6864,6
hsa-mir-6865,6
hsa-mir-6866,6
hsa-mir-6867,6
hsa-mir-6868,6
hsa-mir-6869,6
hsa-mir-6870,6
hsa-mir-6871,6
hsa-mir-6872,6
hsa-mir-6873,6
hsa-mir-6874,6
hsa-mir-6875,6
hsa-mir-6876,6
hsa-mir-6877,6
hsa-mir-6878,6
hsa-mir-6879,6
hsa-mir-6880,6
hsa-mir-6881,6
hsa-mir-6882,6
hsa-mir-6883,6
hsa-mir-6884,6
hsa-mir-6885,6
hsa-mir-6886,6
hsa-mir-6887,6
hsa-mir-6888,6
hsa-mir-6889,6
hsa-mir-6890,6
hsa-mir-6891,6
hsa-mir-6892,6
hsa-mir-6893,6
hsa-mir-6894,6
hsa-mir-6895,6
hsa-mir-7-1,6
hsa-mir-7-2,6
hsa-mir-7-3,6
hsa-mir-708,6
hsa-mir-7106,6
hsa-mir-7107,6
hsa-mir-7108,6
hsa-mir-7109,6
hsa-mir-7110,6
hsa-mir-7111,6
hsa-mir-7112-1,6
hsa-mir-7112-2,6
hsa-mir-7113,6
hsa-mir-7114,6
hsa-mir-7150,6
hsa-mir-7151,6
hsa-mir-7152,6
hsa-mir-7153,6
hsa-mir-7154,6
hsa-mir-7155,6
hsa-mir-7156,6
hsa-mir-7157,6
hsa-mir-7158,6
hsa-mir-7159,6
hsa-mir-7160,6
hsa-mir-7161,6
hsa-mir-7162,6
hsa-mir-744,6
hsa-mir-758,6
hsa-mir-759,6
hsa-mir-760,6
hsa-mir-764,6
hsa-mir-765,6
hsa-mir-766,6
hsa-mir-767,6
hsa-mir-769,6
hsa-mir-770,6
hsa-mir-7703,6
hsa-mir-7704,6
hsa-mir-7706,6
hsa-mir-7843,6
hsa-mir-7844,6
hsa-mir-7845,6
hsa-mir-7846,6
hsa-mir-7847,6
hsa-mir-7848,6
hsa-mir-7849,6
hsa-mir-7850,6
hsa-mir-7851,6
hsa-mir-7852,6
hsa-mir-7853,6
hsa-mir-7854,6
hsa-mir-7855,6
hsa-mir-7856,6
hsa-mir-7973-1,6
hsa-mir-7973-2,6
hsa-mir-7974,6
hsa-mir-7977,6
hsa-mir-802,6
hsa-mir-8053,6
hsa-mir-8056,6
hsa-mir-8059,6
hsa-mir-8060,6
hsa-mir-8061,6
hsa-mir-8063,6
hsa-mir-8064,6
hsa-mir-8065,6
hsa-mir-8071-1,6
hsa-mir-8071-2,6
hsa-mir-8075,6
hsa-mir-8076,6
hsa-mir-8080,6
hsa-mir-8083,6
hsa-mir-8084,6
hsa-mir-8085,6
hsa-mir-8089,6
hsa-mir-873,6
hsa-mir-874,6
hsa-mir-875,6
hsa-mir-876,6
hsa-mir-877,6
hsa-mir-885,6
hsa-mir-887,6
hsa-mir-888,6
hsa-mir-889,6
hsa-mir-891a,6
hsa-mir-891b,6
hsa-mir-892c,6
hsa-mir-9-1,6
hsa-mir-9-2,6
hsa-mir-9-3,6
hsa-mir-920,6
hsa-mir-924,6
hsa-mir-92a-1,6
hsa-mir-92a-2,6
hsa-mir-92b,6
hsa-mir-93,6
hsa-mir-934,6
hsa-mir-935,6
hsa-mir-936,6
hsa-mir-937,6
hsa-mir-938,6
hsa-mir-939,6
hsa-mir-940,6
hsa-mir-941-1,6
hsa-mir-941-2,6
hsa-mir-941-3,6
hsa-mir-941-4,6
hsa-mir-942,6
hsa-mir-95,6
hsa-mir-96,6
hsa-mir-98,6
hsa-mir-99a,6
hsa-mir-99b,6
hsa-miR-4520a-5p/hsa-miR-4520b-5p,296
hsa-miR-103a-2*,8
hsa-miR-2681*,8
hsa-miR-2682*,8
hsa-miR-3681*,8
hsa-miR-3692*,8
hsa-miR-4445*,8
hsa-miR-5089,9
hsa-miR-676*,8
hsa-miR-3545-3p,17
hsa-miR-3545-5p,17
hsa-miR-365a-5p/hsa-miR-365b-5p,3
hsa-miR-500a-5p/hsa-miR-500b,3
hsa-miR-520g/hsa-miR-520h,3
hsa-miR-548ap-5p/hsa-miR-548j,3
hsa-miR-644b-3p,9
hsa-miR-644b-5p,9
hsa-miR-664-3p,9
hsa-miR-664-5p,9
hsa-miRplus-c1087,8
hsa-miRplus-c1099,3
hsa-miRplus-c1114,8
hsa-miRplus-j1002,8
hsa-miRplus-j1003,8
hsa-miRplus-j1004,8
hsa-miRplus-j1011,3
hsa-miR-106a-5p/hsa-miR-17-5p,57
hsa-miR-134-5p/hsa-miR-6728-5p,57
hsa-miR-181b-5p/hsa-miR-181d-5p,57
hsa-miR-193a-5p/hsa-miR-193b-5p,57
hsa-miR-20a-5p/hsa-miR-20b-5p,57
hsa-miR-4454/hsa-miR-7975,57
hsa-miR-500a-5p/hsa-miR-501-5p,57
hsa-miR-517c-3p/hsa-miR-519a-3p,57
hsa-miR-5196-3p/hsa-miR-6732-3p,57
hsa-miR-519b-5p/hsa-miR-519c-5p/hsa-miR-523-5p/hsa-miR-518e-5p/hsa-miR-522-5p/hsa-miR-519a-5p,57
hsa-miR-520d-5p/hsa-miR-527/hsa-miR-518a-5p,57
hsa-miR-526a/hsa-miR-518c-5p/hsa-miR-518d-5p,57
hsa-miR-548o-3p/hsa-miR-548ah-3p/hsa-miR-548av-3p,57
hsa-miR-758-3p/hsa-miR-411-3p,57
hsa-miR-1974_v14.0,100
hsa-miR-1977_v14.0,100
hsa-miR-1978_v14.0,100
hsa-miR-1280_v18.0,8
hsa-miR-139-5p_v18.0,8
hsa-miR-3669_v20.0,8
hsa-miR-3673_v20.0,8
hsa-miR-3676-3p_v19.0,8
hsa-miR-3676-5p_v19.0,8
hsa-miR-378a-3p_v19.0,8
hsa-miR-4433-5p_v20.0,8
hsa-miR-5088_v19.0,8
hsa-miR-5686_v19.0,8
hsa-miR-720_v18.0,8
hsa-miR-3647-3p,8
hsa-miR-3647-5p,8
hsa-miR-3680*,8
hsa-miR-4524*,8
hsa-miR-4666-3p,8
hsa-miR-4666-5p,8
hsa-miR-548aj,8
hsa-miR-550b,8
hsa-miR-647/a703,8
